INSERT INTO user (userid, f_name, l_name, email, password, role, verified) VALUES (0, 'Bob', 'Smith', 'b.smith@email.com', 'oa8ufd98w32kna;ufw8hnd', 'USER', 1);
INSERT INTO user (userid, f_name, l_name, email, password, role, verified) VALUES (1, 'Terry', 'Prime', 't.prime@email.com', 'oa8ufd98w32kna;ufw8hnd', 'USER', 1);
INSERT INTO user (userid, f_name, l_name, email, password, role, verified) VALUES (2, 'Sarah', 'Conner', 's.conner@email.com', 'oa8ufd98w32kna;ufw8hnd', 'USER', 1);
INSERT INTO user (userid, f_name, l_name, email, password, role, verified) VALUES (3, 'Jenny', 'Baker', 'j.baker@email.com', 'oa8ufd98w32kna;ufw8hnd', 'USER', 1);
INSERT INTO category (categoryid, description, name, type) VALUES (0, 'Food is important', 'groceries', 'DEPOSIT');
INSERT INTO category (categoryid, description, name, type) VALUES (1, 'Need to be able to go vroom', 'gasoline', 'DEPOSIT');
INSERT INTO category (categoryid, description, name, type) VALUES (2, 'Gotta live somewhere', 'rent', 'DEPOSIT');
INSERT INTO category (categoryid, description, name, type) VALUES (3, 'Woohoo!', 'reimbursment', 'WITHDRAWAL');
INSERT INTO withdrawal (withdrawalid, user_userid, category_categoryid, amount, date) VALUES (0, '3', '2', '563.11', '2022-06-21');
INSERT INTO withdrawal (withdrawalid, user_userid, category_categoryid, amount, date) VALUES (1, '1', '2', '862.43', '2022-06-09');
INSERT INTO withdrawal (withdrawalid, user_userid, category_categoryid, amount, date) VALUES (2, '0', '1', '975.37', '2022-05-09');
INSERT INTO withdrawal (withdrawalid, user_userid, category_categoryid, amount, date) VALUES (3, '3', '0', '524.14', '2022-07-10');
INSERT INTO withdrawal (withdrawalid, user_userid, category_categoryid, amount, date) VALUES (4, '2', '1', '612.54', '2022-08-04');
INSERT INTO withdrawal (withdrawalid, user_userid, category_categoryid, amount, date) VALUES (5, '0', '1', '490.89', '2022-07-22');
INSERT INTO withdrawal (withdrawalid, user_userid, category_categoryid, amount, date) VALUES (6, '3', '0', '185.6', '2022-06-19');
INSERT INTO withdrawal (withdrawalid, user_userid, category_categoryid, amount, date) VALUES (7, '3', '0', '163.57', '2022-08-01');
INSERT INTO withdrawal (withdrawalid, user_userid, category_categoryid, amount, date) VALUES (8, '0', '1', '999.46', '2022-07-14');
INSERT INTO withdrawal (withdrawalid, user_userid, category_categoryid, amount, date) VALUES (9, '1', '0', '435.98', '2022-07-29');
INSERT INTO withdrawal (withdrawalid, user_userid, category_categoryid, amount, date) VALUES (10, '3', '1', '822.21', '2022-06-09');
INSERT INTO withdrawal (withdrawalid, user_userid, category_categoryid, amount, date) VALUES (11, '3', '0', '296.0', '2022-08-15');
INSERT INTO withdrawal (withdrawalid, user_userid, category_categoryid, amount, date) VALUES (12, '3', '2', '1194.72', '2022-05-16');
INSERT INTO withdrawal (withdrawalid, user_userid, category_categoryid, amount, date) VALUES (13, '1', '2', '261.83', '2022-05-10');
INSERT INTO withdrawal (withdrawalid, user_userid, category_categoryid, amount, date) VALUES (14, '3', '0', '582.28', '2022-05-26');
INSERT INTO withdrawal (withdrawalid, user_userid, category_categoryid, amount, date) VALUES (15, '1', '2', '915.99', '2022-06-25');
INSERT INTO withdrawal (withdrawalid, user_userid, category_categoryid, amount, date) VALUES (16, '2', '0', '229.59', '2022-08-14');
INSERT INTO withdrawal (withdrawalid, user_userid, category_categoryid, amount, date) VALUES (17, '0', '1', '526.16', '2022-05-24');
INSERT INTO withdrawal (withdrawalid, user_userid, category_categoryid, amount, date) VALUES (18, '2', '0', '481.86', '2022-08-09');
INSERT INTO withdrawal (withdrawalid, user_userid, category_categoryid, amount, date) VALUES (19, '0', '1', '1086.8', '2022-06-20');
INSERT INTO withdrawal (withdrawalid, user_userid, category_categoryid, amount, date) VALUES (20, '1', '0', '247.95', '2022-06-22');
INSERT INTO withdrawal (withdrawalid, user_userid, category_categoryid, amount, date) VALUES (21, '1', '1', '817.85', '2022-05-15');
INSERT INTO withdrawal (withdrawalid, user_userid, category_categoryid, amount, date) VALUES (22, '2', '1', '696.7', '2022-06-15');
INSERT INTO withdrawal (withdrawalid, user_userid, category_categoryid, amount, date) VALUES (23, '1', '1', '717.98', '2022-07-10');
INSERT INTO withdrawal (withdrawalid, user_userid, category_categoryid, amount, date) VALUES (24, '0', '2', '953.63', '2022-06-25');
INSERT INTO withdrawal (withdrawalid, user_userid, category_categoryid, amount, date) VALUES (25, '3', '1', '693.9', '2022-07-26');
INSERT INTO withdrawal (withdrawalid, user_userid, category_categoryid, amount, date) VALUES (26, '2', '0', '1170.85', '2022-07-20');
INSERT INTO withdrawal (withdrawalid, user_userid, category_categoryid, amount, date) VALUES (27, '0', '2', '712.95', '2022-07-13');
INSERT INTO withdrawal (withdrawalid, user_userid, category_categoryid, amount, date) VALUES (28, '3', '2', '1001.65', '2022-08-12');
INSERT INTO withdrawal (withdrawalid, user_userid, category_categoryid, amount, date) VALUES (29, '1', '0', '162.41', '2022-06-04');
INSERT INTO withdrawal (withdrawalid, user_userid, category_categoryid, amount, date) VALUES (30, '2', '1', '159.01', '2022-05-29');
INSERT INTO withdrawal (withdrawalid, user_userid, category_categoryid, amount, date) VALUES (31, '2', '2', '289.91', '2022-07-14');
INSERT INTO withdrawal (withdrawalid, user_userid, category_categoryid, amount, date) VALUES (32, '0', '2', '1078.06', '2022-06-27');
INSERT INTO withdrawal (withdrawalid, user_userid, category_categoryid, amount, date) VALUES (33, '3', '0', '1172.74', '2022-06-25');
INSERT INTO withdrawal (withdrawalid, user_userid, category_categoryid, amount, date) VALUES (34, '1', '2', '622.04', '2022-08-07');
INSERT INTO withdrawal (withdrawalid, user_userid, category_categoryid, amount, date) VALUES (35, '3', '2', '862.67', '2022-05-15');
INSERT INTO withdrawal (withdrawalid, user_userid, category_categoryid, amount, date) VALUES (36, '3', '2', '1079.57', '2022-08-14');
INSERT INTO withdrawal (withdrawalid, user_userid, category_categoryid, amount, date) VALUES (37, '0', '0', '998.58', '2022-05-17');
INSERT INTO withdrawal (withdrawalid, user_userid, category_categoryid, amount, date) VALUES (38, '1', '2', '172.15', '2022-06-24');
INSERT INTO withdrawal (withdrawalid, user_userid, category_categoryid, amount, date) VALUES (39, '3', '1', '1041.95', '2022-08-03');
INSERT INTO withdrawal (withdrawalid, user_userid, category_categoryid, amount, date) VALUES (40, '1', '0', '476.23', '2022-06-20');
INSERT INTO withdrawal (withdrawalid, user_userid, category_categoryid, amount, date) VALUES (41, '3', '2', '600.51', '2022-06-29');
INSERT INTO withdrawal (withdrawalid, user_userid, category_categoryid, amount, date) VALUES (42, '3', '2', '906.48', '2022-08-06');
INSERT INTO withdrawal (withdrawalid, user_userid, category_categoryid, amount, date) VALUES (43, '3', '2', '1177.99', '2022-08-04');
INSERT INTO withdrawal (withdrawalid, user_userid, category_categoryid, amount, date) VALUES (44, '1', '2', '1001.75', '2022-07-02');
INSERT INTO withdrawal (withdrawalid, user_userid, category_categoryid, amount, date) VALUES (45, '2', '2', '593.82', '2022-06-18');
INSERT INTO withdrawal (withdrawalid, user_userid, category_categoryid, amount, date) VALUES (46, '2', '0', '279.56', '2022-07-14');
INSERT INTO withdrawal (withdrawalid, user_userid, category_categoryid, amount, date) VALUES (47, '1', '1', '1031.61', '2022-05-31');
INSERT INTO withdrawal (withdrawalid, user_userid, category_categoryid, amount, date) VALUES (48, '3', '0', '662.98', '2022-07-23');
INSERT INTO withdrawal (withdrawalid, user_userid, category_categoryid, amount, date) VALUES (49, '1', '2', '603.03', '2022-06-17');
INSERT INTO withdrawal (withdrawalid, user_userid, category_categoryid, amount, date) VALUES (50, '1', '0', '423.56', '2022-05-14');
INSERT INTO withdrawal (withdrawalid, user_userid, category_categoryid, amount, date) VALUES (51, '0', '2', '700.56', '2022-07-06');
INSERT INTO withdrawal (withdrawalid, user_userid, category_categoryid, amount, date) VALUES (52, '3', '2', '1148.37', '2022-06-11');
INSERT INTO withdrawal (withdrawalid, user_userid, category_categoryid, amount, date) VALUES (53, '0', '2', '693.85', '2022-07-08');
INSERT INTO withdrawal (withdrawalid, user_userid, category_categoryid, amount, date) VALUES (54, '3', '2', '572.37', '2022-06-05');
INSERT INTO withdrawal (withdrawalid, user_userid, category_categoryid, amount, date) VALUES (55, '3', '1', '109.69', '2022-06-14');
INSERT INTO withdrawal (withdrawalid, user_userid, category_categoryid, amount, date) VALUES (56, '1', '2', '464.41', '2022-07-19');
INSERT INTO withdrawal (withdrawalid, user_userid, category_categoryid, amount, date) VALUES (57, '3', '1', '1174.79', '2022-06-15');
INSERT INTO withdrawal (withdrawalid, user_userid, category_categoryid, amount, date) VALUES (58, '3', '0', '453.11', '2022-05-23');
INSERT INTO withdrawal (withdrawalid, user_userid, category_categoryid, amount, date) VALUES (59, '1', '0', '204.65', '2022-05-26');
INSERT INTO withdrawal (withdrawalid, user_userid, category_categoryid, amount, date) VALUES (60, '1', '0', '302.03', '2022-07-30');
INSERT INTO withdrawal (withdrawalid, user_userid, category_categoryid, amount, date) VALUES (61, '3', '1', '1000.89', '2022-07-16');
INSERT INTO withdrawal (withdrawalid, user_userid, category_categoryid, amount, date) VALUES (62, '2', '2', '969.34', '2022-06-01');
INSERT INTO withdrawal (withdrawalid, user_userid, category_categoryid, amount, date) VALUES (63, '2', '2', '1031.16', '2022-06-22');
INSERT INTO withdrawal (withdrawalid, user_userid, category_categoryid, amount, date) VALUES (64, '0', '2', '677.95', '2022-06-12');
INSERT INTO withdrawal (withdrawalid, user_userid, category_categoryid, amount, date) VALUES (65, '2', '2', '137.62', '2022-08-07');
INSERT INTO withdrawal (withdrawalid, user_userid, category_categoryid, amount, date) VALUES (66, '1', '1', '964.46', '2022-08-13');
INSERT INTO withdrawal (withdrawalid, user_userid, category_categoryid, amount, date) VALUES (67, '0', '1', '522.48', '2022-07-24');
INSERT INTO withdrawal (withdrawalid, user_userid, category_categoryid, amount, date) VALUES (68, '0', '2', '532.27', '2022-06-14');
INSERT INTO withdrawal (withdrawalid, user_userid, category_categoryid, amount, date) VALUES (69, '1', '1', '832.47', '2022-08-10');
INSERT INTO withdrawal (withdrawalid, user_userid, category_categoryid, amount, date) VALUES (70, '0', '1', '997.92', '2022-07-14');
INSERT INTO withdrawal (withdrawalid, user_userid, category_categoryid, amount, date) VALUES (71, '2', '1', '455.24', '2022-06-16');
INSERT INTO withdrawal (withdrawalid, user_userid, category_categoryid, amount, date) VALUES (72, '0', '2', '1134.84', '2022-06-16');
INSERT INTO withdrawal (withdrawalid, user_userid, category_categoryid, amount, date) VALUES (73, '1', '1', '1072.13', '2022-07-23');
INSERT INTO withdrawal (withdrawalid, user_userid, category_categoryid, amount, date) VALUES (74, '2', '0', '1095.83', '2022-06-01');
INSERT INTO withdrawal (withdrawalid, user_userid, category_categoryid, amount, date) VALUES (75, '1', '0', '816.37', '2022-07-10');
INSERT INTO withdrawal (withdrawalid, user_userid, category_categoryid, amount, date) VALUES (76, '2', '2', '1106.84', '2022-08-09');
INSERT INTO withdrawal (withdrawalid, user_userid, category_categoryid, amount, date) VALUES (77, '0', '2', '157.72', '2022-08-07');
INSERT INTO withdrawal (withdrawalid, user_userid, category_categoryid, amount, date) VALUES (78, '3', '2', '514.68', '2022-07-17');
INSERT INTO withdrawal (withdrawalid, user_userid, category_categoryid, amount, date) VALUES (79, '1', '1', '1106.83', '2022-08-10');
INSERT INTO withdrawal (withdrawalid, user_userid, category_categoryid, amount, date) VALUES (80, '0', '2', '826.09', '2022-08-11');
INSERT INTO withdrawal (withdrawalid, user_userid, category_categoryid, amount, date) VALUES (81, '1', '2', '1197.22', '2022-08-03');
INSERT INTO withdrawal (withdrawalid, user_userid, category_categoryid, amount, date) VALUES (82, '1', '1', '712.78', '2022-06-14');
INSERT INTO withdrawal (withdrawalid, user_userid, category_categoryid, amount, date) VALUES (83, '1', '1', '270.18', '2022-07-29');
INSERT INTO withdrawal (withdrawalid, user_userid, category_categoryid, amount, date) VALUES (84, '1', '2', '1040.49', '2022-06-11');
INSERT INTO withdrawal (withdrawalid, user_userid, category_categoryid, amount, date) VALUES (85, '0', '2', '575.11', '2022-06-02');
INSERT INTO withdrawal (withdrawalid, user_userid, category_categoryid, amount, date) VALUES (86, '2', '0', '776.06', '2022-07-07');
INSERT INTO withdrawal (withdrawalid, user_userid, category_categoryid, amount, date) VALUES (87, '2', '1', '909.85', '2022-06-08');
INSERT INTO withdrawal (withdrawalid, user_userid, category_categoryid, amount, date) VALUES (88, '2', '2', '619.21', '2022-08-06');
INSERT INTO withdrawal (withdrawalid, user_userid, category_categoryid, amount, date) VALUES (89, '0', '0', '1028.09', '2022-06-14');
INSERT INTO withdrawal (withdrawalid, user_userid, category_categoryid, amount, date) VALUES (90, '0', '1', '529.03', '2022-07-31');
INSERT INTO withdrawal (withdrawalid, user_userid, category_categoryid, amount, date) VALUES (91, '0', '0', '1138.54', '2022-08-11');
INSERT INTO withdrawal (withdrawalid, user_userid, category_categoryid, amount, date) VALUES (92, '1', '2', '174.23', '2022-08-11');
INSERT INTO withdrawal (withdrawalid, user_userid, category_categoryid, amount, date) VALUES (93, '2', '2', '765.49', '2022-06-09');
INSERT INTO withdrawal (withdrawalid, user_userid, category_categoryid, amount, date) VALUES (94, '0', '0', '632.03', '2022-06-20');
INSERT INTO withdrawal (withdrawalid, user_userid, category_categoryid, amount, date) VALUES (95, '0', '2', '958.24', '2022-06-22');
INSERT INTO withdrawal (withdrawalid, user_userid, category_categoryid, amount, date) VALUES (96, '2', '0', '585.41', '2022-05-12');
INSERT INTO withdrawal (withdrawalid, user_userid, category_categoryid, amount, date) VALUES (97, '2', '1', '1060.57', '2022-06-13');
INSERT INTO withdrawal (withdrawalid, user_userid, category_categoryid, amount, date) VALUES (98, '3', '0', '727.35', '2022-07-13');
INSERT INTO withdrawal (withdrawalid, user_userid, category_categoryid, amount, date) VALUES (99, '1', '1', '972.47', '2022-07-24');
INSERT INTO withdrawal (withdrawalid, user_userid, category_categoryid, amount, date) VALUES (100, '1', '1', '677.97', '2022-06-03');
INSERT INTO withdrawal (withdrawalid, user_userid, category_categoryid, amount, date) VALUES (101, '1', '1', '906.8', '2022-05-17');
INSERT INTO withdrawal (withdrawalid, user_userid, category_categoryid, amount, date) VALUES (102, '0', '2', '1030.12', '2022-07-20');
INSERT INTO withdrawal (withdrawalid, user_userid, category_categoryid, amount, date) VALUES (103, '2', '0', '699.19', '2022-05-10');
INSERT INTO withdrawal (withdrawalid, user_userid, category_categoryid, amount, date) VALUES (104, '2', '0', '568.48', '2022-07-11');
INSERT INTO withdrawal (withdrawalid, user_userid, category_categoryid, amount, date) VALUES (105, '3', '0', '216.29', '2022-06-18');
INSERT INTO withdrawal (withdrawalid, user_userid, category_categoryid, amount, date) VALUES (106, '2', '2', '1129.17', '2022-07-02');
INSERT INTO withdrawal (withdrawalid, user_userid, category_categoryid, amount, date) VALUES (107, '3', '2', '213.71', '2022-07-16');
INSERT INTO withdrawal (withdrawalid, user_userid, category_categoryid, amount, date) VALUES (108, '3', '0', '701.89', '2022-06-07');
INSERT INTO withdrawal (withdrawalid, user_userid, category_categoryid, amount, date) VALUES (109, '3', '0', '823.73', '2022-08-11');
INSERT INTO withdrawal (withdrawalid, user_userid, category_categoryid, amount, date) VALUES (110, '3', '0', '329.67', '2022-06-10');
INSERT INTO withdrawal (withdrawalid, user_userid, category_categoryid, amount, date) VALUES (111, '0', '2', '680.75', '2022-06-24');
INSERT INTO withdrawal (withdrawalid, user_userid, category_categoryid, amount, date) VALUES (112, '2', '2', '1050.24', '2022-05-12');
INSERT INTO withdrawal (withdrawalid, user_userid, category_categoryid, amount, date) VALUES (113, '3', '2', '902.55', '2022-07-16');
INSERT INTO withdrawal (withdrawalid, user_userid, category_categoryid, amount, date) VALUES (114, '2', '2', '582.27', '2022-08-01');
INSERT INTO withdrawal (withdrawalid, user_userid, category_categoryid, amount, date) VALUES (115, '3', '2', '178.35', '2022-05-08');
INSERT INTO withdrawal (withdrawalid, user_userid, category_categoryid, amount, date) VALUES (116, '1', '1', '312.65', '2022-07-28');
INSERT INTO withdrawal (withdrawalid, user_userid, category_categoryid, amount, date) VALUES (117, '2', '0', '783.4', '2022-08-07');
INSERT INTO withdrawal (withdrawalid, user_userid, category_categoryid, amount, date) VALUES (118, '0', '2', '1153.56', '2022-07-27');
INSERT INTO withdrawal (withdrawalid, user_userid, category_categoryid, amount, date) VALUES (119, '1', '2', '193.91', '2022-07-21');
INSERT INTO withdrawal (withdrawalid, user_userid, category_categoryid, amount, date) VALUES (120, '3', '2', '168.47', '2022-06-02');
INSERT INTO withdrawal (withdrawalid, user_userid, category_categoryid, amount, date) VALUES (121, '3', '1', '576.8', '2022-05-26');
INSERT INTO withdrawal (withdrawalid, user_userid, category_categoryid, amount, date) VALUES (122, '3', '1', '456.99', '2022-06-29');
INSERT INTO withdrawal (withdrawalid, user_userid, category_categoryid, amount, date) VALUES (123, '0', '0', '259.09', '2022-06-29');
INSERT INTO withdrawal (withdrawalid, user_userid, category_categoryid, amount, date) VALUES (124, '2', '1', '159.09', '2022-08-03');
INSERT INTO withdrawal (withdrawalid, user_userid, category_categoryid, amount, date) VALUES (125, '0', '0', '605.19', '2022-06-23');
INSERT INTO withdrawal (withdrawalid, user_userid, category_categoryid, amount, date) VALUES (126, '2', '0', '1029.46', '2022-07-29');
INSERT INTO withdrawal (withdrawalid, user_userid, category_categoryid, amount, date) VALUES (127, '3', '1', '567.94', '2022-06-11');
INSERT INTO withdrawal (withdrawalid, user_userid, category_categoryid, amount, date) VALUES (128, '2', '1', '482.01', '2022-08-08');
INSERT INTO withdrawal (withdrawalid, user_userid, category_categoryid, amount, date) VALUES (129, '3', '2', '100.08', '2022-08-10');
INSERT INTO withdrawal (withdrawalid, user_userid, category_categoryid, amount, date) VALUES (130, '2', '2', '1010.41', '2022-07-26');
INSERT INTO withdrawal (withdrawalid, user_userid, category_categoryid, amount, date) VALUES (131, '2', '2', '845.05', '2022-06-02');
INSERT INTO withdrawal (withdrawalid, user_userid, category_categoryid, amount, date) VALUES (132, '2', '1', '496.89', '2022-06-22');
INSERT INTO withdrawal (withdrawalid, user_userid, category_categoryid, amount, date) VALUES (133, '3', '1', '161.33', '2022-07-07');
INSERT INTO withdrawal (withdrawalid, user_userid, category_categoryid, amount, date) VALUES (134, '2', '0', '983.39', '2022-07-18');
INSERT INTO withdrawal (withdrawalid, user_userid, category_categoryid, amount, date) VALUES (135, '2', '1', '907.66', '2022-08-15');
INSERT INTO withdrawal (withdrawalid, user_userid, category_categoryid, amount, date) VALUES (136, '0', '2', '1124.01', '2022-07-22');
INSERT INTO withdrawal (withdrawalid, user_userid, category_categoryid, amount, date) VALUES (137, '0', '0', '618.38', '2022-08-13');
INSERT INTO withdrawal (withdrawalid, user_userid, category_categoryid, amount, date) VALUES (138, '3', '2', '871.68', '2022-08-04');
INSERT INTO withdrawal (withdrawalid, user_userid, category_categoryid, amount, date) VALUES (139, '0', '1', '713.09', '2022-07-09');
INSERT INTO withdrawal (withdrawalid, user_userid, category_categoryid, amount, date) VALUES (140, '3', '0', '577.64', '2022-06-18');
INSERT INTO withdrawal (withdrawalid, user_userid, category_categoryid, amount, date) VALUES (141, '2', '1', '518.28', '2022-06-15');
INSERT INTO withdrawal (withdrawalid, user_userid, category_categoryid, amount, date) VALUES (142, '1', '0', '946.01', '2022-07-22');
INSERT INTO withdrawal (withdrawalid, user_userid, category_categoryid, amount, date) VALUES (143, '0', '2', '764.86', '2022-05-26');
INSERT INTO withdrawal (withdrawalid, user_userid, category_categoryid, amount, date) VALUES (144, '0', '1', '821.01', '2022-08-03');
INSERT INTO withdrawal (withdrawalid, user_userid, category_categoryid, amount, date) VALUES (145, '0', '2', '1168.37', '2022-07-06');
INSERT INTO withdrawal (withdrawalid, user_userid, category_categoryid, amount, date) VALUES (146, '0', '1', '295.17', '2022-06-08');
INSERT INTO withdrawal (withdrawalid, user_userid, category_categoryid, amount, date) VALUES (147, '1', '0', '319.6', '2022-08-15');
INSERT INTO withdrawal (withdrawalid, user_userid, category_categoryid, amount, date) VALUES (148, '3', '1', '661.07', '2022-08-13');
INSERT INTO withdrawal (withdrawalid, user_userid, category_categoryid, amount, date) VALUES (149, '1', '1', '1166.85', '2022-05-16');
INSERT INTO withdrawal (withdrawalid, user_userid, category_categoryid, amount, date) VALUES (150, '1', '1', '985.79', '2022-07-27');
INSERT INTO withdrawal (withdrawalid, user_userid, category_categoryid, amount, date) VALUES (151, '0', '0', '145.46', '2022-06-18');
INSERT INTO withdrawal (withdrawalid, user_userid, category_categoryid, amount, date) VALUES (152, '1', '2', '773.58', '2022-05-09');
INSERT INTO withdrawal (withdrawalid, user_userid, category_categoryid, amount, date) VALUES (153, '2', '2', '290.79', '2022-05-11');
INSERT INTO withdrawal (withdrawalid, user_userid, category_categoryid, amount, date) VALUES (154, '0', '1', '293.46', '2022-07-21');
INSERT INTO withdrawal (withdrawalid, user_userid, category_categoryid, amount, date) VALUES (155, '2', '0', '218.71', '2022-08-11');
INSERT INTO withdrawal (withdrawalid, user_userid, category_categoryid, amount, date) VALUES (156, '2', '0', '757.06', '2022-08-15');
INSERT INTO withdrawal (withdrawalid, user_userid, category_categoryid, amount, date) VALUES (157, '0', '2', '149.53', '2022-06-08');
INSERT INTO withdrawal (withdrawalid, user_userid, category_categoryid, amount, date) VALUES (158, '2', '2', '605.48', '2022-07-13');
INSERT INTO withdrawal (withdrawalid, user_userid, category_categoryid, amount, date) VALUES (159, '0', '2', '1004.8', '2022-07-29');
INSERT INTO withdrawal (withdrawalid, user_userid, category_categoryid, amount, date) VALUES (160, '3', '2', '858.91', '2022-07-07');
INSERT INTO withdrawal (withdrawalid, user_userid, category_categoryid, amount, date) VALUES (161, '1', '2', '287.25', '2022-07-25');
INSERT INTO withdrawal (withdrawalid, user_userid, category_categoryid, amount, date) VALUES (162, '1', '1', '654.15', '2022-07-21');
INSERT INTO withdrawal (withdrawalid, user_userid, category_categoryid, amount, date) VALUES (163, '1', '1', '908.17', '2022-05-24');
INSERT INTO withdrawal (withdrawalid, user_userid, category_categoryid, amount, date) VALUES (164, '0', '0', '591.83', '2022-07-12');
INSERT INTO withdrawal (withdrawalid, user_userid, category_categoryid, amount, date) VALUES (165, '3', '2', '1027.34', '2022-07-20');
INSERT INTO withdrawal (withdrawalid, user_userid, category_categoryid, amount, date) VALUES (166, '3', '2', '1012.79', '2022-06-15');
INSERT INTO withdrawal (withdrawalid, user_userid, category_categoryid, amount, date) VALUES (167, '2', '2', '548.34', '2022-05-08');
INSERT INTO withdrawal (withdrawalid, user_userid, category_categoryid, amount, date) VALUES (168, '2', '1', '670.7', '2022-05-30');
INSERT INTO withdrawal (withdrawalid, user_userid, category_categoryid, amount, date) VALUES (169, '1', '0', '387.99', '2022-06-22');
INSERT INTO withdrawal (withdrawalid, user_userid, category_categoryid, amount, date) VALUES (170, '0', '1', '666.18', '2022-07-28');
INSERT INTO withdrawal (withdrawalid, user_userid, category_categoryid, amount, date) VALUES (171, '1', '1', '268.21', '2022-07-06');
INSERT INTO withdrawal (withdrawalid, user_userid, category_categoryid, amount, date) VALUES (172, '0', '1', '416.87', '2022-06-03');
INSERT INTO withdrawal (withdrawalid, user_userid, category_categoryid, amount, date) VALUES (173, '0', '0', '315.67', '2022-07-16');
INSERT INTO withdrawal (withdrawalid, user_userid, category_categoryid, amount, date) VALUES (174, '3', '2', '275.76', '2022-08-05');
INSERT INTO withdrawal (withdrawalid, user_userid, category_categoryid, amount, date) VALUES (175, '1', '1', '210.54', '2022-05-29');
INSERT INTO withdrawal (withdrawalid, user_userid, category_categoryid, amount, date) VALUES (176, '3', '2', '922.27', '2022-06-06');
INSERT INTO withdrawal (withdrawalid, user_userid, category_categoryid, amount, date) VALUES (177, '2', '0', '419.55', '2022-05-26');
INSERT INTO withdrawal (withdrawalid, user_userid, category_categoryid, amount, date) VALUES (178, '1', '1', '940.84', '2022-06-17');
INSERT INTO withdrawal (withdrawalid, user_userid, category_categoryid, amount, date) VALUES (179, '1', '1', '187.36', '2022-06-22');
INSERT INTO withdrawal (withdrawalid, user_userid, category_categoryid, amount, date) VALUES (180, '1', '0', '129.49', '2022-07-26');
INSERT INTO withdrawal (withdrawalid, user_userid, category_categoryid, amount, date) VALUES (181, '0', '0', '307.34', '2022-07-07');
INSERT INTO withdrawal (withdrawalid, user_userid, category_categoryid, amount, date) VALUES (182, '2', '1', '151.56', '2022-08-07');
INSERT INTO withdrawal (withdrawalid, user_userid, category_categoryid, amount, date) VALUES (183, '1', '0', '1143.44', '2022-06-01');
INSERT INTO withdrawal (withdrawalid, user_userid, category_categoryid, amount, date) VALUES (184, '2', '0', '263.44', '2022-06-23');
INSERT INTO withdrawal (withdrawalid, user_userid, category_categoryid, amount, date) VALUES (185, '0', '2', '967.44', '2022-05-09');
INSERT INTO withdrawal (withdrawalid, user_userid, category_categoryid, amount, date) VALUES (186, '3', '0', '998.71', '2022-05-18');
INSERT INTO withdrawal (withdrawalid, user_userid, category_categoryid, amount, date) VALUES (187, '2', '0', '1061.59', '2022-08-12');
INSERT INTO withdrawal (withdrawalid, user_userid, category_categoryid, amount, date) VALUES (188, '2', '2', '493.49', '2022-07-25');
INSERT INTO withdrawal (withdrawalid, user_userid, category_categoryid, amount, date) VALUES (189, '1', '2', '919.9', '2022-05-13');
INSERT INTO withdrawal (withdrawalid, user_userid, category_categoryid, amount, date) VALUES (190, '3', '1', '557.29', '2022-06-12');
INSERT INTO withdrawal (withdrawalid, user_userid, category_categoryid, amount, date) VALUES (191, '0', '0', '230.05', '2022-05-08');
INSERT INTO withdrawal (withdrawalid, user_userid, category_categoryid, amount, date) VALUES (192, '1', '0', '719.13', '2022-06-11');
INSERT INTO withdrawal (withdrawalid, user_userid, category_categoryid, amount, date) VALUES (193, '3', '1', '521.19', '2022-07-24');
INSERT INTO withdrawal (withdrawalid, user_userid, category_categoryid, amount, date) VALUES (194, '3', '2', '715.89', '2022-05-14');
INSERT INTO withdrawal (withdrawalid, user_userid, category_categoryid, amount, date) VALUES (195, '2', '2', '629.43', '2022-05-16');
INSERT INTO withdrawal (withdrawalid, user_userid, category_categoryid, amount, date) VALUES (196, '1', '2', '826.36', '2022-06-02');
INSERT INTO withdrawal (withdrawalid, user_userid, category_categoryid, amount, date) VALUES (197, '3', '2', '502.52', '2022-05-10');
INSERT INTO withdrawal (withdrawalid, user_userid, category_categoryid, amount, date) VALUES (198, '1', '2', '576.61', '2022-05-18');
INSERT INTO withdrawal (withdrawalid, user_userid, category_categoryid, amount, date) VALUES (199, '3', '0', '333.74', '2022-05-12');
INSERT INTO withdrawal (withdrawalid, user_userid, category_categoryid, amount, date) VALUES (200, '3', '1', '965.35', '2022-06-16');
INSERT INTO withdrawal (withdrawalid, user_userid, category_categoryid, amount, date) VALUES (201, '0', '0', '940.38', '2022-05-08');
INSERT INTO withdrawal (withdrawalid, user_userid, category_categoryid, amount, date) VALUES (202, '0', '1', '1004.59', '2022-08-03');
INSERT INTO withdrawal (withdrawalid, user_userid, category_categoryid, amount, date) VALUES (203, '1', '2', '1158.04', '2022-05-08');
INSERT INTO withdrawal (withdrawalid, user_userid, category_categoryid, amount, date) VALUES (204, '3', '2', '947.97', '2022-06-04');
INSERT INTO withdrawal (withdrawalid, user_userid, category_categoryid, amount, date) VALUES (205, '2', '1', '168.99', '2022-07-25');
INSERT INTO withdrawal (withdrawalid, user_userid, category_categoryid, amount, date) VALUES (206, '2', '0', '408.79', '2022-07-30');
INSERT INTO withdrawal (withdrawalid, user_userid, category_categoryid, amount, date) VALUES (207, '0', '2', '237.22', '2022-07-10');
INSERT INTO withdrawal (withdrawalid, user_userid, category_categoryid, amount, date) VALUES (208, '1', '2', '436.89', '2022-05-18');
INSERT INTO withdrawal (withdrawalid, user_userid, category_categoryid, amount, date) VALUES (209, '0', '2', '694.6', '2022-06-15');
INSERT INTO withdrawal (withdrawalid, user_userid, category_categoryid, amount, date) VALUES (210, '3', '0', '1085.3', '2022-06-30');
INSERT INTO withdrawal (withdrawalid, user_userid, category_categoryid, amount, date) VALUES (211, '1', '0', '433.38', '2022-07-11');
INSERT INTO withdrawal (withdrawalid, user_userid, category_categoryid, amount, date) VALUES (212, '2', '2', '939.91', '2022-08-06');
INSERT INTO withdrawal (withdrawalid, user_userid, category_categoryid, amount, date) VALUES (213, '1', '1', '1018.57', '2022-07-13');
INSERT INTO withdrawal (withdrawalid, user_userid, category_categoryid, amount, date) VALUES (214, '2', '1', '502.19', '2022-05-25');
INSERT INTO withdrawal (withdrawalid, user_userid, category_categoryid, amount, date) VALUES (215, '1', '0', '560.62', '2022-07-27');
INSERT INTO withdrawal (withdrawalid, user_userid, category_categoryid, amount, date) VALUES (216, '1', '0', '135.94', '2022-07-11');
INSERT INTO withdrawal (withdrawalid, user_userid, category_categoryid, amount, date) VALUES (217, '2', '1', '711.52', '2022-06-07');
INSERT INTO withdrawal (withdrawalid, user_userid, category_categoryid, amount, date) VALUES (218, '1', '0', '506.65', '2022-07-28');
INSERT INTO withdrawal (withdrawalid, user_userid, category_categoryid, amount, date) VALUES (219, '2', '2', '765.54', '2022-07-19');
INSERT INTO withdrawal (withdrawalid, user_userid, category_categoryid, amount, date) VALUES (220, '1', '0', '925.67', '2022-07-16');
INSERT INTO withdrawal (withdrawalid, user_userid, category_categoryid, amount, date) VALUES (221, '0', '1', '642.16', '2022-06-17');
INSERT INTO withdrawal (withdrawalid, user_userid, category_categoryid, amount, date) VALUES (222, '3', '2', '239.87', '2022-05-26');
INSERT INTO withdrawal (withdrawalid, user_userid, category_categoryid, amount, date) VALUES (223, '0', '1', '696.28', '2022-06-01');
INSERT INTO withdrawal (withdrawalid, user_userid, category_categoryid, amount, date) VALUES (224, '1', '0', '1138.28', '2022-06-29');
INSERT INTO withdrawal (withdrawalid, user_userid, category_categoryid, amount, date) VALUES (225, '1', '0', '663.09', '2022-07-28');
INSERT INTO withdrawal (withdrawalid, user_userid, category_categoryid, amount, date) VALUES (226, '3', '0', '703.75', '2022-06-13');
INSERT INTO withdrawal (withdrawalid, user_userid, category_categoryid, amount, date) VALUES (227, '2', '0', '886.93', '2022-06-28');
INSERT INTO withdrawal (withdrawalid, user_userid, category_categoryid, amount, date) VALUES (228, '1', '0', '1017.41', '2022-07-10');
INSERT INTO withdrawal (withdrawalid, user_userid, category_categoryid, amount, date) VALUES (229, '0', '0', '318.59', '2022-06-18');
INSERT INTO withdrawal (withdrawalid, user_userid, category_categoryid, amount, date) VALUES (230, '1', '1', '290.14', '2022-05-20');
INSERT INTO withdrawal (withdrawalid, user_userid, category_categoryid, amount, date) VALUES (231, '0', '2', '664.95', '2022-08-06');
INSERT INTO withdrawal (withdrawalid, user_userid, category_categoryid, amount, date) VALUES (232, '0', '2', '633.26', '2022-06-20');
INSERT INTO withdrawal (withdrawalid, user_userid, category_categoryid, amount, date) VALUES (233, '3', '1', '309.04', '2022-07-14');
INSERT INTO withdrawal (withdrawalid, user_userid, category_categoryid, amount, date) VALUES (234, '1', '2', '938.51', '2022-06-17');
INSERT INTO withdrawal (withdrawalid, user_userid, category_categoryid, amount, date) VALUES (235, '2', '1', '1143.29', '2022-06-08');
INSERT INTO withdrawal (withdrawalid, user_userid, category_categoryid, amount, date) VALUES (236, '0', '2', '1196.17', '2022-08-06');
INSERT INTO withdrawal (withdrawalid, user_userid, category_categoryid, amount, date) VALUES (237, '3', '0', '1180.29', '2022-05-11');
INSERT INTO withdrawal (withdrawalid, user_userid, category_categoryid, amount, date) VALUES (238, '1', '0', '703.89', '2022-07-16');
INSERT INTO withdrawal (withdrawalid, user_userid, category_categoryid, amount, date) VALUES (239, '3', '2', '668.01', '2022-05-10');
INSERT INTO withdrawal (withdrawalid, user_userid, category_categoryid, amount, date) VALUES (240, '0', '1', '1136.23', '2022-07-11');
INSERT INTO withdrawal (withdrawalid, user_userid, category_categoryid, amount, date) VALUES (241, '1', '1', '139.99', '2022-05-18');
INSERT INTO withdrawal (withdrawalid, user_userid, category_categoryid, amount, date) VALUES (242, '1', '0', '656.13', '2022-07-23');
INSERT INTO withdrawal (withdrawalid, user_userid, category_categoryid, amount, date) VALUES (243, '3', '2', '787.43', '2022-05-29');
INSERT INTO withdrawal (withdrawalid, user_userid, category_categoryid, amount, date) VALUES (244, '2', '1', '600.64', '2022-05-30');
INSERT INTO withdrawal (withdrawalid, user_userid, category_categoryid, amount, date) VALUES (245, '0', '2', '145.93', '2022-08-12');
INSERT INTO withdrawal (withdrawalid, user_userid, category_categoryid, amount, date) VALUES (246, '0', '1', '1087.52', '2022-06-04');
INSERT INTO withdrawal (withdrawalid, user_userid, category_categoryid, amount, date) VALUES (247, '3', '1', '325.3', '2022-07-14');
INSERT INTO withdrawal (withdrawalid, user_userid, category_categoryid, amount, date) VALUES (248, '0', '0', '117.65', '2022-05-17');
INSERT INTO withdrawal (withdrawalid, user_userid, category_categoryid, amount, date) VALUES (249, '1', '2', '484.98', '2022-05-31');
INSERT INTO withdrawal (withdrawalid, user_userid, category_categoryid, amount, date) VALUES (250, '2', '1', '602.97', '2022-05-24');
INSERT INTO withdrawal (withdrawalid, user_userid, category_categoryid, amount, date) VALUES (251, '2', '2', '533.61', '2022-06-17');
INSERT INTO withdrawal (withdrawalid, user_userid, category_categoryid, amount, date) VALUES (252, '0', '2', '1138.02', '2022-07-23');
INSERT INTO withdrawal (withdrawalid, user_userid, category_categoryid, amount, date) VALUES (253, '2', '0', '836.81', '2022-07-22');
INSERT INTO withdrawal (withdrawalid, user_userid, category_categoryid, amount, date) VALUES (254, '2', '1', '1091.0', '2022-08-04');
INSERT INTO withdrawal (withdrawalid, user_userid, category_categoryid, amount, date) VALUES (255, '2', '2', '180.43', '2022-07-17');
INSERT INTO withdrawal (withdrawalid, user_userid, category_categoryid, amount, date) VALUES (256, '0', '0', '1097.81', '2022-05-08');
INSERT INTO withdrawal (withdrawalid, user_userid, category_categoryid, amount, date) VALUES (257, '0', '2', '270.94', '2022-05-19');
INSERT INTO withdrawal (withdrawalid, user_userid, category_categoryid, amount, date) VALUES (258, '0', '1', '295.64', '2022-06-07');
INSERT INTO withdrawal (withdrawalid, user_userid, category_categoryid, amount, date) VALUES (259, '1', '1', '463.2', '2022-05-15');
INSERT INTO withdrawal (withdrawalid, user_userid, category_categoryid, amount, date) VALUES (260, '1', '2', '641.99', '2022-07-02');
INSERT INTO withdrawal (withdrawalid, user_userid, category_categoryid, amount, date) VALUES (261, '2', '1', '875.86', '2022-07-08');
INSERT INTO withdrawal (withdrawalid, user_userid, category_categoryid, amount, date) VALUES (262, '3', '0', '129.86', '2022-06-08');
INSERT INTO withdrawal (withdrawalid, user_userid, category_categoryid, amount, date) VALUES (263, '2', '1', '944.6', '2022-07-31');
INSERT INTO withdrawal (withdrawalid, user_userid, category_categoryid, amount, date) VALUES (264, '3', '1', '844.3', '2022-05-30');
INSERT INTO withdrawal (withdrawalid, user_userid, category_categoryid, amount, date) VALUES (265, '3', '2', '652.61', '2022-06-01');
INSERT INTO withdrawal (withdrawalid, user_userid, category_categoryid, amount, date) VALUES (266, '2', '0', '247.59', '2022-05-27');
INSERT INTO withdrawal (withdrawalid, user_userid, category_categoryid, amount, date) VALUES (267, '3', '0', '441.53', '2022-05-31');
INSERT INTO withdrawal (withdrawalid, user_userid, category_categoryid, amount, date) VALUES (268, '1', '1', '942.44', '2022-08-08');
INSERT INTO withdrawal (withdrawalid, user_userid, category_categoryid, amount, date) VALUES (269, '3', '2', '969.87', '2022-06-22');
INSERT INTO withdrawal (withdrawalid, user_userid, category_categoryid, amount, date) VALUES (270, '2', '1', '264.04', '2022-05-20');
INSERT INTO withdrawal (withdrawalid, user_userid, category_categoryid, amount, date) VALUES (271, '1', '2', '1189.49', '2022-07-17');
INSERT INTO withdrawal (withdrawalid, user_userid, category_categoryid, amount, date) VALUES (272, '0', '2', '831.0', '2022-07-25');
INSERT INTO withdrawal (withdrawalid, user_userid, category_categoryid, amount, date) VALUES (273, '2', '1', '640.58', '2022-05-29');
INSERT INTO withdrawal (withdrawalid, user_userid, category_categoryid, amount, date) VALUES (274, '1', '0', '364.47', '2022-05-26');
INSERT INTO withdrawal (withdrawalid, user_userid, category_categoryid, amount, date) VALUES (275, '3', '2', '537.75', '2022-05-10');
INSERT INTO withdrawal (withdrawalid, user_userid, category_categoryid, amount, date) VALUES (276, '1', '1', '995.35', '2022-06-23');
INSERT INTO withdrawal (withdrawalid, user_userid, category_categoryid, amount, date) VALUES (277, '3', '0', '588.47', '2022-07-29');
INSERT INTO withdrawal (withdrawalid, user_userid, category_categoryid, amount, date) VALUES (278, '2', '2', '578.98', '2022-05-19');
INSERT INTO withdrawal (withdrawalid, user_userid, category_categoryid, amount, date) VALUES (279, '3', '0', '1193.87', '2022-05-29');
INSERT INTO withdrawal (withdrawalid, user_userid, category_categoryid, amount, date) VALUES (280, '2', '2', '291.36', '2022-05-15');
INSERT INTO withdrawal (withdrawalid, user_userid, category_categoryid, amount, date) VALUES (281, '1', '0', '1121.18', '2022-08-16');
INSERT INTO withdrawal (withdrawalid, user_userid, category_categoryid, amount, date) VALUES (282, '1', '1', '1198.05', '2022-06-19');
INSERT INTO withdrawal (withdrawalid, user_userid, category_categoryid, amount, date) VALUES (283, '1', '2', '128.91', '2022-06-09');
INSERT INTO withdrawal (withdrawalid, user_userid, category_categoryid, amount, date) VALUES (284, '1', '0', '118.8', '2022-07-06');
INSERT INTO withdrawal (withdrawalid, user_userid, category_categoryid, amount, date) VALUES (285, '0', '1', '360.57', '2022-05-17');
INSERT INTO withdrawal (withdrawalid, user_userid, category_categoryid, amount, date) VALUES (286, '1', '1', '324.9', '2022-07-02');
INSERT INTO withdrawal (withdrawalid, user_userid, category_categoryid, amount, date) VALUES (287, '2', '0', '1071.57', '2022-07-04');
INSERT INTO withdrawal (withdrawalid, user_userid, category_categoryid, amount, date) VALUES (288, '0', '0', '361.57', '2022-05-27');
INSERT INTO withdrawal (withdrawalid, user_userid, category_categoryid, amount, date) VALUES (289, '0', '1', '317.83', '2022-08-15');
INSERT INTO withdrawal (withdrawalid, user_userid, category_categoryid, amount, date) VALUES (290, '1', '1', '441.38', '2022-06-16');
INSERT INTO withdrawal (withdrawalid, user_userid, category_categoryid, amount, date) VALUES (291, '1', '0', '1166.95', '2022-08-04');
INSERT INTO withdrawal (withdrawalid, user_userid, category_categoryid, amount, date) VALUES (292, '0', '2', '592.31', '2022-06-28');
INSERT INTO withdrawal (withdrawalid, user_userid, category_categoryid, amount, date) VALUES (293, '3', '1', '298.59', '2022-05-27');
INSERT INTO withdrawal (withdrawalid, user_userid, category_categoryid, amount, date) VALUES (294, '1', '0', '125.88', '2022-05-09');
INSERT INTO withdrawal (withdrawalid, user_userid, category_categoryid, amount, date) VALUES (295, '3', '0', '273.3', '2022-06-08');
INSERT INTO withdrawal (withdrawalid, user_userid, category_categoryid, amount, date) VALUES (296, '0', '1', '844.69', '2022-07-15');
INSERT INTO withdrawal (withdrawalid, user_userid, category_categoryid, amount, date) VALUES (297, '2', '2', '980.96', '2022-07-17');
INSERT INTO withdrawal (withdrawalid, user_userid, category_categoryid, amount, date) VALUES (298, '3', '1', '269.51', '2022-07-03');
INSERT INTO withdrawal (withdrawalid, user_userid, category_categoryid, amount, date) VALUES (299, '2', '2', '297.44', '2022-05-20');
INSERT INTO withdrawal (withdrawalid, user_userid, category_categoryid, amount, date) VALUES (300, '0', '0', '1142.23', '2022-08-13');
INSERT INTO withdrawal (withdrawalid, user_userid, category_categoryid, amount, date) VALUES (301, '0', '1', '519.16', '2022-06-17');
INSERT INTO withdrawal (withdrawalid, user_userid, category_categoryid, amount, date) VALUES (302, '2', '2', '622.55', '2022-06-26');
INSERT INTO withdrawal (withdrawalid, user_userid, category_categoryid, amount, date) VALUES (303, '0', '2', '403.81', '2022-06-02');
INSERT INTO withdrawal (withdrawalid, user_userid, category_categoryid, amount, date) VALUES (304, '2', '1', '940.54', '2022-08-12');
INSERT INTO withdrawal (withdrawalid, user_userid, category_categoryid, amount, date) VALUES (305, '2', '1', '209.8', '2022-07-22');
INSERT INTO withdrawal (withdrawalid, user_userid, category_categoryid, amount, date) VALUES (306, '1', '1', '129.63', '2022-06-10');
INSERT INTO withdrawal (withdrawalid, user_userid, category_categoryid, amount, date) VALUES (307, '3', '1', '1050.9', '2022-06-28');
INSERT INTO withdrawal (withdrawalid, user_userid, category_categoryid, amount, date) VALUES (308, '1', '1', '1118.87', '2022-08-11');
INSERT INTO withdrawal (withdrawalid, user_userid, category_categoryid, amount, date) VALUES (309, '1', '1', '390.08', '2022-05-24');
INSERT INTO withdrawal (withdrawalid, user_userid, category_categoryid, amount, date) VALUES (310, '1', '1', '1170.55', '2022-06-01');
INSERT INTO withdrawal (withdrawalid, user_userid, category_categoryid, amount, date) VALUES (311, '2', '0', '711.74', '2022-07-19');
INSERT INTO withdrawal (withdrawalid, user_userid, category_categoryid, amount, date) VALUES (312, '0', '2', '338.68', '2022-07-11');
INSERT INTO withdrawal (withdrawalid, user_userid, category_categoryid, amount, date) VALUES (313, '1', '2', '232.59', '2022-05-31');
INSERT INTO withdrawal (withdrawalid, user_userid, category_categoryid, amount, date) VALUES (314, '1', '2', '1006.98', '2022-06-30');
INSERT INTO withdrawal (withdrawalid, user_userid, category_categoryid, amount, date) VALUES (315, '3', '2', '689.65', '2022-05-24');
INSERT INTO withdrawal (withdrawalid, user_userid, category_categoryid, amount, date) VALUES (316, '2', '0', '658.06', '2022-06-02');
INSERT INTO withdrawal (withdrawalid, user_userid, category_categoryid, amount, date) VALUES (317, '0', '2', '1179.72', '2022-05-14');
INSERT INTO withdrawal (withdrawalid, user_userid, category_categoryid, amount, date) VALUES (318, '3', '2', '927.24', '2022-07-24');
INSERT INTO withdrawal (withdrawalid, user_userid, category_categoryid, amount, date) VALUES (319, '1', '1', '216.7', '2022-08-03');
INSERT INTO withdrawal (withdrawalid, user_userid, category_categoryid, amount, date) VALUES (320, '2', '2', '538.29', '2022-06-21');
INSERT INTO withdrawal (withdrawalid, user_userid, category_categoryid, amount, date) VALUES (321, '2', '0', '892.52', '2022-05-20');
INSERT INTO withdrawal (withdrawalid, user_userid, category_categoryid, amount, date) VALUES (322, '3', '2', '141.51', '2022-07-07');
INSERT INTO withdrawal (withdrawalid, user_userid, category_categoryid, amount, date) VALUES (323, '3', '2', '1018.92', '2022-07-01');
INSERT INTO withdrawal (withdrawalid, user_userid, category_categoryid, amount, date) VALUES (324, '2', '1', '1061.69', '2022-05-11');
INSERT INTO withdrawal (withdrawalid, user_userid, category_categoryid, amount, date) VALUES (325, '0', '1', '558.15', '2022-05-16');
INSERT INTO withdrawal (withdrawalid, user_userid, category_categoryid, amount, date) VALUES (326, '1', '0', '101.55', '2022-08-04');
INSERT INTO withdrawal (withdrawalid, user_userid, category_categoryid, amount, date) VALUES (327, '0', '0', '292.18', '2022-06-23');
INSERT INTO withdrawal (withdrawalid, user_userid, category_categoryid, amount, date) VALUES (328, '3', '0', '859.12', '2022-07-12');
INSERT INTO withdrawal (withdrawalid, user_userid, category_categoryid, amount, date) VALUES (329, '0', '1', '348.38', '2022-08-14');
INSERT INTO withdrawal (withdrawalid, user_userid, category_categoryid, amount, date) VALUES (330, '0', '0', '683.33', '2022-07-13');
INSERT INTO withdrawal (withdrawalid, user_userid, category_categoryid, amount, date) VALUES (331, '0', '1', '448.89', '2022-07-17');
INSERT INTO withdrawal (withdrawalid, user_userid, category_categoryid, amount, date) VALUES (332, '0', '1', '1197.2', '2022-06-09');
INSERT INTO withdrawal (withdrawalid, user_userid, category_categoryid, amount, date) VALUES (333, '3', '2', '411.96', '2022-08-04');
INSERT INTO withdrawal (withdrawalid, user_userid, category_categoryid, amount, date) VALUES (334, '2', '0', '1122.6', '2022-08-16');
INSERT INTO withdrawal (withdrawalid, user_userid, category_categoryid, amount, date) VALUES (335, '1', '0', '340.67', '2022-07-13');
INSERT INTO withdrawal (withdrawalid, user_userid, category_categoryid, amount, date) VALUES (336, '0', '0', '259.36', '2022-05-16');
INSERT INTO withdrawal (withdrawalid, user_userid, category_categoryid, amount, date) VALUES (337, '2', '0', '200.05', '2022-06-16');
INSERT INTO withdrawal (withdrawalid, user_userid, category_categoryid, amount, date) VALUES (338, '3', '0', '1185.28', '2022-07-16');
INSERT INTO withdrawal (withdrawalid, user_userid, category_categoryid, amount, date) VALUES (339, '2', '1', '109.01', '2022-06-05');
INSERT INTO withdrawal (withdrawalid, user_userid, category_categoryid, amount, date) VALUES (340, '2', '1', '636.08', '2022-08-15');
INSERT INTO withdrawal (withdrawalid, user_userid, category_categoryid, amount, date) VALUES (341, '1', '0', '738.61', '2022-06-02');
INSERT INTO withdrawal (withdrawalid, user_userid, category_categoryid, amount, date) VALUES (342, '0', '2', '701.27', '2022-07-24');
INSERT INTO withdrawal (withdrawalid, user_userid, category_categoryid, amount, date) VALUES (343, '3', '1', '1167.54', '2022-06-27');
INSERT INTO withdrawal (withdrawalid, user_userid, category_categoryid, amount, date) VALUES (344, '3', '2', '422.45', '2022-05-10');
INSERT INTO withdrawal (withdrawalid, user_userid, category_categoryid, amount, date) VALUES (345, '1', '2', '734.93', '2022-05-13');
INSERT INTO withdrawal (withdrawalid, user_userid, category_categoryid, amount, date) VALUES (346, '3', '1', '1022.33', '2022-08-09');
INSERT INTO withdrawal (withdrawalid, user_userid, category_categoryid, amount, date) VALUES (347, '3', '0', '779.8', '2022-07-04');
INSERT INTO withdrawal (withdrawalid, user_userid, category_categoryid, amount, date) VALUES (348, '2', '1', '344.28', '2022-05-19');
INSERT INTO withdrawal (withdrawalid, user_userid, category_categoryid, amount, date) VALUES (349, '2', '0', '158.2', '2022-07-01');
INSERT INTO withdrawal (withdrawalid, user_userid, category_categoryid, amount, date) VALUES (350, '0', '2', '383.97', '2022-06-29');
INSERT INTO withdrawal (withdrawalid, user_userid, category_categoryid, amount, date) VALUES (351, '0', '0', '1176.59', '2022-06-10');
INSERT INTO withdrawal (withdrawalid, user_userid, category_categoryid, amount, date) VALUES (352, '1', '1', '1012.88', '2022-05-08');
INSERT INTO withdrawal (withdrawalid, user_userid, category_categoryid, amount, date) VALUES (353, '1', '0', '693.95', '2022-06-19');
INSERT INTO withdrawal (withdrawalid, user_userid, category_categoryid, amount, date) VALUES (354, '0', '0', '973.0', '2022-07-22');
INSERT INTO withdrawal (withdrawalid, user_userid, category_categoryid, amount, date) VALUES (355, '2', '1', '529.2', '2022-06-11');
INSERT INTO withdrawal (withdrawalid, user_userid, category_categoryid, amount, date) VALUES (356, '0', '0', '430.81', '2022-05-24');
INSERT INTO withdrawal (withdrawalid, user_userid, category_categoryid, amount, date) VALUES (357, '0', '1', '977.37', '2022-07-05');
INSERT INTO withdrawal (withdrawalid, user_userid, category_categoryid, amount, date) VALUES (358, '3', '1', '519.6', '2022-08-11');
INSERT INTO withdrawal (withdrawalid, user_userid, category_categoryid, amount, date) VALUES (359, '3', '1', '1098.8', '2022-05-18');
INSERT INTO withdrawal (withdrawalid, user_userid, category_categoryid, amount, date) VALUES (360, '2', '2', '989.87', '2022-06-17');
INSERT INTO withdrawal (withdrawalid, user_userid, category_categoryid, amount, date) VALUES (361, '2', '0', '952.36', '2022-07-28');
INSERT INTO withdrawal (withdrawalid, user_userid, category_categoryid, amount, date) VALUES (362, '0', '0', '611.22', '2022-07-04');
INSERT INTO withdrawal (withdrawalid, user_userid, category_categoryid, amount, date) VALUES (363, '2', '0', '112.85', '2022-05-15');
INSERT INTO withdrawal (withdrawalid, user_userid, category_categoryid, amount, date) VALUES (364, '3', '1', '555.34', '2022-06-09');
INSERT INTO withdrawal (withdrawalid, user_userid, category_categoryid, amount, date) VALUES (365, '2', '1', '346.55', '2022-05-30');
INSERT INTO withdrawal (withdrawalid, user_userid, category_categoryid, amount, date) VALUES (366, '3', '0', '594.33', '2022-05-19');
INSERT INTO withdrawal (withdrawalid, user_userid, category_categoryid, amount, date) VALUES (367, '3', '0', '843.7', '2022-06-05');
INSERT INTO withdrawal (withdrawalid, user_userid, category_categoryid, amount, date) VALUES (368, '1', '2', '971.67', '2022-07-10');
INSERT INTO withdrawal (withdrawalid, user_userid, category_categoryid, amount, date) VALUES (369, '3', '1', '141.8', '2022-07-02');
INSERT INTO withdrawal (withdrawalid, user_userid, category_categoryid, amount, date) VALUES (370, '1', '2', '242.56', '2022-06-26');
INSERT INTO withdrawal (withdrawalid, user_userid, category_categoryid, amount, date) VALUES (371, '3', '0', '104.5', '2022-07-16');
INSERT INTO withdrawal (withdrawalid, user_userid, category_categoryid, amount, date) VALUES (372, '1', '1', '1135.54', '2022-05-20');
INSERT INTO withdrawal (withdrawalid, user_userid, category_categoryid, amount, date) VALUES (373, '3', '0', '597.32', '2022-07-03');
INSERT INTO withdrawal (withdrawalid, user_userid, category_categoryid, amount, date) VALUES (374, '3', '1', '1155.43', '2022-07-17');
INSERT INTO withdrawal (withdrawalid, user_userid, category_categoryid, amount, date) VALUES (375, '0', '2', '1030.45', '2022-05-16');
INSERT INTO withdrawal (withdrawalid, user_userid, category_categoryid, amount, date) VALUES (376, '1', '0', '378.9', '2022-08-02');
INSERT INTO withdrawal (withdrawalid, user_userid, category_categoryid, amount, date) VALUES (377, '1', '2', '1023.1', '2022-07-20');
INSERT INTO withdrawal (withdrawalid, user_userid, category_categoryid, amount, date) VALUES (378, '3', '1', '844.96', '2022-05-12');
INSERT INTO withdrawal (withdrawalid, user_userid, category_categoryid, amount, date) VALUES (379, '0', '2', '162.93', '2022-07-05');
INSERT INTO withdrawal (withdrawalid, user_userid, category_categoryid, amount, date) VALUES (380, '0', '2', '1048.43', '2022-05-20');
INSERT INTO withdrawal (withdrawalid, user_userid, category_categoryid, amount, date) VALUES (381, '2', '1', '827.13', '2022-05-26');
INSERT INTO withdrawal (withdrawalid, user_userid, category_categoryid, amount, date) VALUES (382, '0', '2', '782.22', '2022-06-18');
INSERT INTO withdrawal (withdrawalid, user_userid, category_categoryid, amount, date) VALUES (383, '1', '0', '1011.78', '2022-07-10');
INSERT INTO withdrawal (withdrawalid, user_userid, category_categoryid, amount, date) VALUES (384, '3', '0', '525.96', '2022-06-26');
INSERT INTO withdrawal (withdrawalid, user_userid, category_categoryid, amount, date) VALUES (385, '2', '2', '136.1', '2022-06-08');
INSERT INTO withdrawal (withdrawalid, user_userid, category_categoryid, amount, date) VALUES (386, '1', '2', '261.81', '2022-06-21');
INSERT INTO withdrawal (withdrawalid, user_userid, category_categoryid, amount, date) VALUES (387, '3', '0', '715.36', '2022-05-17');
INSERT INTO withdrawal (withdrawalid, user_userid, category_categoryid, amount, date) VALUES (388, '3', '2', '288.93', '2022-08-11');
INSERT INTO withdrawal (withdrawalid, user_userid, category_categoryid, amount, date) VALUES (389, '3', '0', '883.8', '2022-08-01');
INSERT INTO withdrawal (withdrawalid, user_userid, category_categoryid, amount, date) VALUES (390, '1', '2', '591.3', '2022-05-11');
INSERT INTO withdrawal (withdrawalid, user_userid, category_categoryid, amount, date) VALUES (391, '0', '1', '847.41', '2022-07-19');
INSERT INTO withdrawal (withdrawalid, user_userid, category_categoryid, amount, date) VALUES (392, '0', '2', '364.2', '2022-06-09');
INSERT INTO withdrawal (withdrawalid, user_userid, category_categoryid, amount, date) VALUES (393, '1', '0', '611.43', '2022-06-12');
INSERT INTO withdrawal (withdrawalid, user_userid, category_categoryid, amount, date) VALUES (394, '0', '2', '519.13', '2022-05-29');
INSERT INTO withdrawal (withdrawalid, user_userid, category_categoryid, amount, date) VALUES (395, '1', '1', '705.64', '2022-06-07');
INSERT INTO withdrawal (withdrawalid, user_userid, category_categoryid, amount, date) VALUES (396, '2', '2', '1171.31', '2022-06-11');
INSERT INTO withdrawal (withdrawalid, user_userid, category_categoryid, amount, date) VALUES (397, '2', '2', '210.23', '2022-05-25');
INSERT INTO withdrawal (withdrawalid, user_userid, category_categoryid, amount, date) VALUES (398, '1', '1', '429.18', '2022-07-08');
INSERT INTO withdrawal (withdrawalid, user_userid, category_categoryid, amount, date) VALUES (399, '2', '0', '217.42', '2022-07-23');
INSERT INTO withdrawal (withdrawalid, user_userid, category_categoryid, amount, date) VALUES (400, '1', '0', '1152.37', '2022-07-07');
INSERT INTO withdrawal (withdrawalid, user_userid, category_categoryid, amount, date) VALUES (401, '3', '0', '165.43', '2022-05-21');
INSERT INTO withdrawal (withdrawalid, user_userid, category_categoryid, amount, date) VALUES (402, '0', '0', '172.12', '2022-05-10');
INSERT INTO withdrawal (withdrawalid, user_userid, category_categoryid, amount, date) VALUES (403, '1', '0', '1029.62', '2022-07-01');
INSERT INTO withdrawal (withdrawalid, user_userid, category_categoryid, amount, date) VALUES (404, '0', '1', '935.35', '2022-08-10');
INSERT INTO withdrawal (withdrawalid, user_userid, category_categoryid, amount, date) VALUES (405, '3', '2', '853.66', '2022-05-30');
INSERT INTO withdrawal (withdrawalid, user_userid, category_categoryid, amount, date) VALUES (406, '0', '1', '543.34', '2022-05-16');
INSERT INTO withdrawal (withdrawalid, user_userid, category_categoryid, amount, date) VALUES (407, '3', '2', '384.47', '2022-06-02');
INSERT INTO withdrawal (withdrawalid, user_userid, category_categoryid, amount, date) VALUES (408, '1', '0', '571.22', '2022-05-24');
INSERT INTO withdrawal (withdrawalid, user_userid, category_categoryid, amount, date) VALUES (409, '3', '1', '676.16', '2022-05-15');
INSERT INTO withdrawal (withdrawalid, user_userid, category_categoryid, amount, date) VALUES (410, '2', '1', '520.76', '2022-08-03');
INSERT INTO withdrawal (withdrawalid, user_userid, category_categoryid, amount, date) VALUES (411, '0', '1', '1078.02', '2022-06-12');
INSERT INTO withdrawal (withdrawalid, user_userid, category_categoryid, amount, date) VALUES (412, '2', '1', '629.26', '2022-07-27');
INSERT INTO withdrawal (withdrawalid, user_userid, category_categoryid, amount, date) VALUES (413, '3', '2', '628.23', '2022-07-24');
INSERT INTO withdrawal (withdrawalid, user_userid, category_categoryid, amount, date) VALUES (414, '0', '1', '582.26', '2022-05-31');
INSERT INTO withdrawal (withdrawalid, user_userid, category_categoryid, amount, date) VALUES (415, '3', '0', '1114.46', '2022-07-22');
INSERT INTO withdrawal (withdrawalid, user_userid, category_categoryid, amount, date) VALUES (416, '3', '0', '417.17', '2022-06-04');
INSERT INTO withdrawal (withdrawalid, user_userid, category_categoryid, amount, date) VALUES (417, '1', '1', '1044.74', '2022-08-10');
INSERT INTO withdrawal (withdrawalid, user_userid, category_categoryid, amount, date) VALUES (418, '2', '0', '671.32', '2022-06-23');
INSERT INTO withdrawal (withdrawalid, user_userid, category_categoryid, amount, date) VALUES (419, '2', '0', '858.9', '2022-05-09');
INSERT INTO withdrawal (withdrawalid, user_userid, category_categoryid, amount, date) VALUES (420, '0', '0', '621.55', '2022-07-24');
INSERT INTO withdrawal (withdrawalid, user_userid, category_categoryid, amount, date) VALUES (421, '3', '0', '506.59', '2022-07-21');
INSERT INTO withdrawal (withdrawalid, user_userid, category_categoryid, amount, date) VALUES (422, '3', '0', '297.6', '2022-06-18');
INSERT INTO withdrawal (withdrawalid, user_userid, category_categoryid, amount, date) VALUES (423, '3', '2', '521.49', '2022-07-08');
INSERT INTO withdrawal (withdrawalid, user_userid, category_categoryid, amount, date) VALUES (424, '3', '0', '911.73', '2022-05-20');
INSERT INTO withdrawal (withdrawalid, user_userid, category_categoryid, amount, date) VALUES (425, '2', '0', '1068.78', '2022-05-09');
INSERT INTO withdrawal (withdrawalid, user_userid, category_categoryid, amount, date) VALUES (426, '1', '0', '803.69', '2022-08-15');
INSERT INTO withdrawal (withdrawalid, user_userid, category_categoryid, amount, date) VALUES (427, '3', '0', '105.02', '2022-07-17');
INSERT INTO withdrawal (withdrawalid, user_userid, category_categoryid, amount, date) VALUES (428, '0', '0', '988.17', '2022-07-21');
INSERT INTO withdrawal (withdrawalid, user_userid, category_categoryid, amount, date) VALUES (429, '1', '1', '657.27', '2022-07-01');
INSERT INTO withdrawal (withdrawalid, user_userid, category_categoryid, amount, date) VALUES (430, '3', '0', '1042.84', '2022-05-18');
INSERT INTO withdrawal (withdrawalid, user_userid, category_categoryid, amount, date) VALUES (431, '3', '0', '410.75', '2022-07-07');
INSERT INTO withdrawal (withdrawalid, user_userid, category_categoryid, amount, date) VALUES (432, '1', '0', '281.95', '2022-07-02');
INSERT INTO withdrawal (withdrawalid, user_userid, category_categoryid, amount, date) VALUES (433, '1', '2', '361.16', '2022-06-15');
INSERT INTO withdrawal (withdrawalid, user_userid, category_categoryid, amount, date) VALUES (434, '1', '1', '159.2', '2022-06-23');
INSERT INTO withdrawal (withdrawalid, user_userid, category_categoryid, amount, date) VALUES (435, '2', '2', '279.39', '2022-05-30');
INSERT INTO withdrawal (withdrawalid, user_userid, category_categoryid, amount, date) VALUES (436, '3', '2', '689.34', '2022-07-03');
INSERT INTO withdrawal (withdrawalid, user_userid, category_categoryid, amount, date) VALUES (437, '0', '0', '1122.75', '2022-07-15');
INSERT INTO withdrawal (withdrawalid, user_userid, category_categoryid, amount, date) VALUES (438, '1', '0', '377.4', '2022-07-14');
INSERT INTO withdrawal (withdrawalid, user_userid, category_categoryid, amount, date) VALUES (439, '0', '2', '172.05', '2022-06-25');
INSERT INTO withdrawal (withdrawalid, user_userid, category_categoryid, amount, date) VALUES (440, '1', '0', '1166.37', '2022-05-31');
INSERT INTO withdrawal (withdrawalid, user_userid, category_categoryid, amount, date) VALUES (441, '1', '1', '253.98', '2022-07-06');
INSERT INTO withdrawal (withdrawalid, user_userid, category_categoryid, amount, date) VALUES (442, '0', '0', '984.2', '2022-06-04');
INSERT INTO withdrawal (withdrawalid, user_userid, category_categoryid, amount, date) VALUES (443, '0', '2', '630.97', '2022-08-09');
INSERT INTO withdrawal (withdrawalid, user_userid, category_categoryid, amount, date) VALUES (444, '2', '2', '911.56', '2022-06-26');
INSERT INTO withdrawal (withdrawalid, user_userid, category_categoryid, amount, date) VALUES (445, '0', '1', '640.93', '2022-06-22');
INSERT INTO withdrawal (withdrawalid, user_userid, category_categoryid, amount, date) VALUES (446, '0', '0', '152.36', '2022-05-27');
INSERT INTO withdrawal (withdrawalid, user_userid, category_categoryid, amount, date) VALUES (447, '2', '1', '336.76', '2022-06-28');
INSERT INTO withdrawal (withdrawalid, user_userid, category_categoryid, amount, date) VALUES (448, '2', '2', '953.76', '2022-05-21');
INSERT INTO withdrawal (withdrawalid, user_userid, category_categoryid, amount, date) VALUES (449, '3', '1', '1093.8', '2022-06-30');
INSERT INTO withdrawal (withdrawalid, user_userid, category_categoryid, amount, date) VALUES (450, '0', '1', '348.71', '2022-06-20');
INSERT INTO withdrawal (withdrawalid, user_userid, category_categoryid, amount, date) VALUES (451, '1', '2', '536.62', '2022-06-19');
INSERT INTO withdrawal (withdrawalid, user_userid, category_categoryid, amount, date) VALUES (452, '1', '1', '267.73', '2022-06-21');
INSERT INTO withdrawal (withdrawalid, user_userid, category_categoryid, amount, date) VALUES (453, '3', '0', '674.42', '2022-06-23');
INSERT INTO withdrawal (withdrawalid, user_userid, category_categoryid, amount, date) VALUES (454, '2', '1', '220.71', '2022-06-28');
INSERT INTO withdrawal (withdrawalid, user_userid, category_categoryid, amount, date) VALUES (455, '0', '0', '164.71', '2022-08-05');
INSERT INTO withdrawal (withdrawalid, user_userid, category_categoryid, amount, date) VALUES (456, '1', '0', '368.29', '2022-08-12');
INSERT INTO withdrawal (withdrawalid, user_userid, category_categoryid, amount, date) VALUES (457, '2', '2', '599.15', '2022-05-21');
INSERT INTO withdrawal (withdrawalid, user_userid, category_categoryid, amount, date) VALUES (458, '1', '2', '227.85', '2022-06-05');
INSERT INTO withdrawal (withdrawalid, user_userid, category_categoryid, amount, date) VALUES (459, '0', '0', '776.66', '2022-05-15');
INSERT INTO withdrawal (withdrawalid, user_userid, category_categoryid, amount, date) VALUES (460, '1', '0', '877.1', '2022-05-10');
INSERT INTO withdrawal (withdrawalid, user_userid, category_categoryid, amount, date) VALUES (461, '3', '2', '511.67', '2022-08-16');
INSERT INTO withdrawal (withdrawalid, user_userid, category_categoryid, amount, date) VALUES (462, '3', '1', '1094.83', '2022-07-21');
INSERT INTO withdrawal (withdrawalid, user_userid, category_categoryid, amount, date) VALUES (463, '3', '1', '568.03', '2022-05-20');
INSERT INTO withdrawal (withdrawalid, user_userid, category_categoryid, amount, date) VALUES (464, '3', '1', '111.99', '2022-08-15');
INSERT INTO withdrawal (withdrawalid, user_userid, category_categoryid, amount, date) VALUES (465, '2', '0', '659.47', '2022-08-05');
INSERT INTO withdrawal (withdrawalid, user_userid, category_categoryid, amount, date) VALUES (466, '3', '1', '159.94', '2022-06-27');
INSERT INTO withdrawal (withdrawalid, user_userid, category_categoryid, amount, date) VALUES (467, '1', '2', '714.43', '2022-06-08');
INSERT INTO withdrawal (withdrawalid, user_userid, category_categoryid, amount, date) VALUES (468, '0', '2', '804.63', '2022-06-29');
INSERT INTO withdrawal (withdrawalid, user_userid, category_categoryid, amount, date) VALUES (469, '0', '0', '290.73', '2022-07-22');
INSERT INTO withdrawal (withdrawalid, user_userid, category_categoryid, amount, date) VALUES (470, '2', '0', '973.59', '2022-05-24');
INSERT INTO withdrawal (withdrawalid, user_userid, category_categoryid, amount, date) VALUES (471, '1', '0', '298.01', '2022-05-27');
INSERT INTO withdrawal (withdrawalid, user_userid, category_categoryid, amount, date) VALUES (472, '3', '0', '375.07', '2022-05-15');
INSERT INTO withdrawal (withdrawalid, user_userid, category_categoryid, amount, date) VALUES (473, '3', '1', '353.75', '2022-06-24');
INSERT INTO withdrawal (withdrawalid, user_userid, category_categoryid, amount, date) VALUES (474, '1', '1', '162.84', '2022-07-09');
INSERT INTO withdrawal (withdrawalid, user_userid, category_categoryid, amount, date) VALUES (475, '2', '0', '170.64', '2022-07-04');
INSERT INTO withdrawal (withdrawalid, user_userid, category_categoryid, amount, date) VALUES (476, '3', '0', '716.67', '2022-08-06');
INSERT INTO withdrawal (withdrawalid, user_userid, category_categoryid, amount, date) VALUES (477, '3', '2', '533.77', '2022-05-31');
INSERT INTO withdrawal (withdrawalid, user_userid, category_categoryid, amount, date) VALUES (478, '0', '1', '142.97', '2022-06-11');
INSERT INTO withdrawal (withdrawalid, user_userid, category_categoryid, amount, date) VALUES (479, '2', '2', '959.08', '2022-07-23');
INSERT INTO withdrawal (withdrawalid, user_userid, category_categoryid, amount, date) VALUES (480, '0', '2', '153.08', '2022-06-22');
INSERT INTO withdrawal (withdrawalid, user_userid, category_categoryid, amount, date) VALUES (481, '0', '0', '820.94', '2022-05-08');
INSERT INTO withdrawal (withdrawalid, user_userid, category_categoryid, amount, date) VALUES (482, '3', '0', '758.82', '2022-07-08');
INSERT INTO withdrawal (withdrawalid, user_userid, category_categoryid, amount, date) VALUES (483, '3', '1', '652.62', '2022-07-11');
INSERT INTO withdrawal (withdrawalid, user_userid, category_categoryid, amount, date) VALUES (484, '0', '0', '393.42', '2022-07-31');
INSERT INTO withdrawal (withdrawalid, user_userid, category_categoryid, amount, date) VALUES (485, '3', '0', '113.44', '2022-05-16');
INSERT INTO withdrawal (withdrawalid, user_userid, category_categoryid, amount, date) VALUES (486, '1', '0', '255.06', '2022-06-27');
INSERT INTO withdrawal (withdrawalid, user_userid, category_categoryid, amount, date) VALUES (487, '0', '1', '937.67', '2022-06-26');
INSERT INTO withdrawal (withdrawalid, user_userid, category_categoryid, amount, date) VALUES (488, '0', '2', '180.77', '2022-06-25');
INSERT INTO withdrawal (withdrawalid, user_userid, category_categoryid, amount, date) VALUES (489, '2', '1', '351.6', '2022-06-29');
INSERT INTO withdrawal (withdrawalid, user_userid, category_categoryid, amount, date) VALUES (490, '2', '0', '1039.33', '2022-08-05');
INSERT INTO withdrawal (withdrawalid, user_userid, category_categoryid, amount, date) VALUES (491, '1', '2', '969.05', '2022-05-31');
INSERT INTO withdrawal (withdrawalid, user_userid, category_categoryid, amount, date) VALUES (492, '3', '0', '604.65', '2022-08-13');
INSERT INTO withdrawal (withdrawalid, user_userid, category_categoryid, amount, date) VALUES (493, '1', '2', '1123.61', '2022-06-26');
INSERT INTO withdrawal (withdrawalid, user_userid, category_categoryid, amount, date) VALUES (494, '2', '1', '458.5', '2022-06-22');
INSERT INTO withdrawal (withdrawalid, user_userid, category_categoryid, amount, date) VALUES (495, '2', '2', '862.68', '2022-06-26');
INSERT INTO withdrawal (withdrawalid, user_userid, category_categoryid, amount, date) VALUES (496, '0', '0', '414.91', '2022-08-12');
INSERT INTO withdrawal (withdrawalid, user_userid, category_categoryid, amount, date) VALUES (497, '0', '2', '1138.98', '2022-08-02');
INSERT INTO withdrawal (withdrawalid, user_userid, category_categoryid, amount, date) VALUES (498, '0', '1', '155.31', '2022-07-22');
INSERT INTO withdrawal (withdrawalid, user_userid, category_categoryid, amount, date) VALUES (499, '0', '0', '297.38', '2022-07-16');
INSERT INTO withdrawal (withdrawalid, user_userid, category_categoryid, amount, date) VALUES (500, '0', '0', '261.91', '2022-05-15');
INSERT INTO withdrawal (withdrawalid, user_userid, category_categoryid, amount, date) VALUES (501, '3', '2', '563.93', '2022-06-20');
INSERT INTO withdrawal (withdrawalid, user_userid, category_categoryid, amount, date) VALUES (502, '2', '0', '173.71', '2022-05-18');
INSERT INTO withdrawal (withdrawalid, user_userid, category_categoryid, amount, date) VALUES (503, '2', '1', '756.13', '2022-08-16');
INSERT INTO withdrawal (withdrawalid, user_userid, category_categoryid, amount, date) VALUES (504, '1', '0', '442.57', '2022-08-04');
INSERT INTO withdrawal (withdrawalid, user_userid, category_categoryid, amount, date) VALUES (505, '0', '2', '141.17', '2022-05-23');
INSERT INTO withdrawal (withdrawalid, user_userid, category_categoryid, amount, date) VALUES (506, '0', '0', '450.04', '2022-05-13');
INSERT INTO withdrawal (withdrawalid, user_userid, category_categoryid, amount, date) VALUES (507, '1', '0', '1021.77', '2022-07-31');
INSERT INTO withdrawal (withdrawalid, user_userid, category_categoryid, amount, date) VALUES (508, '2', '2', '251.3', '2022-07-09');
INSERT INTO withdrawal (withdrawalid, user_userid, category_categoryid, amount, date) VALUES (509, '0', '1', '332.73', '2022-05-21');
INSERT INTO withdrawal (withdrawalid, user_userid, category_categoryid, amount, date) VALUES (510, '1', '0', '650.72', '2022-05-22');
INSERT INTO withdrawal (withdrawalid, user_userid, category_categoryid, amount, date) VALUES (511, '1', '2', '392.27', '2022-05-20');
INSERT INTO withdrawal (withdrawalid, user_userid, category_categoryid, amount, date) VALUES (512, '3', '0', '439.41', '2022-06-16');
INSERT INTO withdrawal (withdrawalid, user_userid, category_categoryid, amount, date) VALUES (513, '3', '0', '878.71', '2022-06-07');
INSERT INTO withdrawal (withdrawalid, user_userid, category_categoryid, amount, date) VALUES (514, '2', '0', '322.63', '2022-08-06');
INSERT INTO withdrawal (withdrawalid, user_userid, category_categoryid, amount, date) VALUES (515, '2', '0', '480.3', '2022-06-10');
INSERT INTO withdrawal (withdrawalid, user_userid, category_categoryid, amount, date) VALUES (516, '3', '2', '750.31', '2022-07-08');
INSERT INTO withdrawal (withdrawalid, user_userid, category_categoryid, amount, date) VALUES (517, '2', '1', '903.56', '2022-07-01');
INSERT INTO withdrawal (withdrawalid, user_userid, category_categoryid, amount, date) VALUES (518, '0', '0', '174.87', '2022-08-02');
INSERT INTO withdrawal (withdrawalid, user_userid, category_categoryid, amount, date) VALUES (519, '3', '1', '280.73', '2022-07-29');
INSERT INTO withdrawal (withdrawalid, user_userid, category_categoryid, amount, date) VALUES (520, '3', '2', '1028.2', '2022-07-04');
INSERT INTO withdrawal (withdrawalid, user_userid, category_categoryid, amount, date) VALUES (521, '1', '2', '854.93', '2022-07-20');
INSERT INTO withdrawal (withdrawalid, user_userid, category_categoryid, amount, date) VALUES (522, '3', '2', '1060.39', '2022-06-11');
INSERT INTO withdrawal (withdrawalid, user_userid, category_categoryid, amount, date) VALUES (523, '1', '0', '423.15', '2022-06-09');
INSERT INTO withdrawal (withdrawalid, user_userid, category_categoryid, amount, date) VALUES (524, '0', '2', '354.39', '2022-07-12');
INSERT INTO withdrawal (withdrawalid, user_userid, category_categoryid, amount, date) VALUES (525, '1', '0', '764.09', '2022-05-22');
INSERT INTO withdrawal (withdrawalid, user_userid, category_categoryid, amount, date) VALUES (526, '0', '0', '528.98', '2022-07-14');
INSERT INTO withdrawal (withdrawalid, user_userid, category_categoryid, amount, date) VALUES (527, '3', '0', '630.16', '2022-06-12');
INSERT INTO withdrawal (withdrawalid, user_userid, category_categoryid, amount, date) VALUES (528, '3', '2', '128.42', '2022-06-16');
INSERT INTO withdrawal (withdrawalid, user_userid, category_categoryid, amount, date) VALUES (529, '3', '1', '1159.8', '2022-07-21');
INSERT INTO withdrawal (withdrawalid, user_userid, category_categoryid, amount, date) VALUES (530, '0', '2', '1168.7', '2022-06-30');
INSERT INTO withdrawal (withdrawalid, user_userid, category_categoryid, amount, date) VALUES (531, '0', '2', '916.31', '2022-08-07');
INSERT INTO withdrawal (withdrawalid, user_userid, category_categoryid, amount, date) VALUES (532, '1', '1', '367.15', '2022-08-08');
INSERT INTO withdrawal (withdrawalid, user_userid, category_categoryid, amount, date) VALUES (533, '0', '2', '954.38', '2022-08-05');
INSERT INTO withdrawal (withdrawalid, user_userid, category_categoryid, amount, date) VALUES (534, '1', '2', '993.18', '2022-07-06');
INSERT INTO withdrawal (withdrawalid, user_userid, category_categoryid, amount, date) VALUES (535, '3', '2', '430.35', '2022-07-23');
INSERT INTO withdrawal (withdrawalid, user_userid, category_categoryid, amount, date) VALUES (536, '2', '0', '636.82', '2022-07-20');
INSERT INTO withdrawal (withdrawalid, user_userid, category_categoryid, amount, date) VALUES (537, '2', '1', '836.01', '2022-05-11');
INSERT INTO withdrawal (withdrawalid, user_userid, category_categoryid, amount, date) VALUES (538, '1', '0', '226.51', '2022-08-03');
INSERT INTO withdrawal (withdrawalid, user_userid, category_categoryid, amount, date) VALUES (539, '3', '2', '1160.39', '2022-06-05');
INSERT INTO withdrawal (withdrawalid, user_userid, category_categoryid, amount, date) VALUES (540, '3', '0', '887.49', '2022-06-28');
INSERT INTO withdrawal (withdrawalid, user_userid, category_categoryid, amount, date) VALUES (541, '0', '1', '938.01', '2022-07-25');
INSERT INTO withdrawal (withdrawalid, user_userid, category_categoryid, amount, date) VALUES (542, '3', '0', '303.27', '2022-08-07');
INSERT INTO withdrawal (withdrawalid, user_userid, category_categoryid, amount, date) VALUES (543, '0', '1', '456.73', '2022-05-25');
INSERT INTO withdrawal (withdrawalid, user_userid, category_categoryid, amount, date) VALUES (544, '1', '2', '782.65', '2022-07-16');
INSERT INTO withdrawal (withdrawalid, user_userid, category_categoryid, amount, date) VALUES (545, '3', '1', '1084.4', '2022-08-14');
INSERT INTO withdrawal (withdrawalid, user_userid, category_categoryid, amount, date) VALUES (546, '3', '1', '727.84', '2022-07-19');
INSERT INTO withdrawal (withdrawalid, user_userid, category_categoryid, amount, date) VALUES (547, '0', '0', '573.32', '2022-08-09');
INSERT INTO withdrawal (withdrawalid, user_userid, category_categoryid, amount, date) VALUES (548, '2', '2', '819.55', '2022-08-06');
INSERT INTO withdrawal (withdrawalid, user_userid, category_categoryid, amount, date) VALUES (549, '2', '1', '1054.75', '2022-07-17');
INSERT INTO withdrawal (withdrawalid, user_userid, category_categoryid, amount, date) VALUES (550, '3', '1', '1113.32', '2022-07-08');
INSERT INTO withdrawal (withdrawalid, user_userid, category_categoryid, amount, date) VALUES (551, '1', '2', '1004.96', '2022-06-25');
INSERT INTO withdrawal (withdrawalid, user_userid, category_categoryid, amount, date) VALUES (552, '0', '1', '577.64', '2022-06-11');
INSERT INTO withdrawal (withdrawalid, user_userid, category_categoryid, amount, date) VALUES (553, '2', '1', '261.23', '2022-07-13');
INSERT INTO withdrawal (withdrawalid, user_userid, category_categoryid, amount, date) VALUES (554, '0', '0', '116.12', '2022-07-29');
INSERT INTO withdrawal (withdrawalid, user_userid, category_categoryid, amount, date) VALUES (555, '0', '2', '661.96', '2022-08-01');
INSERT INTO withdrawal (withdrawalid, user_userid, category_categoryid, amount, date) VALUES (556, '1', '1', '782.48', '2022-07-11');
INSERT INTO withdrawal (withdrawalid, user_userid, category_categoryid, amount, date) VALUES (557, '2', '1', '159.39', '2022-06-19');
INSERT INTO withdrawal (withdrawalid, user_userid, category_categoryid, amount, date) VALUES (558, '1', '2', '677.59', '2022-05-25');
INSERT INTO withdrawal (withdrawalid, user_userid, category_categoryid, amount, date) VALUES (559, '1', '0', '108.77', '2022-08-14');
INSERT INTO withdrawal (withdrawalid, user_userid, category_categoryid, amount, date) VALUES (560, '2', '1', '844.11', '2022-08-16');
INSERT INTO withdrawal (withdrawalid, user_userid, category_categoryid, amount, date) VALUES (561, '3', '2', '592.34', '2022-07-24');
INSERT INTO withdrawal (withdrawalid, user_userid, category_categoryid, amount, date) VALUES (562, '1', '0', '114.68', '2022-07-15');
INSERT INTO withdrawal (withdrawalid, user_userid, category_categoryid, amount, date) VALUES (563, '1', '1', '612.32', '2022-06-26');
INSERT INTO withdrawal (withdrawalid, user_userid, category_categoryid, amount, date) VALUES (564, '2', '1', '1149.6', '2022-05-12');
INSERT INTO withdrawal (withdrawalid, user_userid, category_categoryid, amount, date) VALUES (565, '3', '1', '521.38', '2022-08-02');
INSERT INTO withdrawal (withdrawalid, user_userid, category_categoryid, amount, date) VALUES (566, '0', '2', '153.16', '2022-06-03');
INSERT INTO withdrawal (withdrawalid, user_userid, category_categoryid, amount, date) VALUES (567, '3', '0', '887.95', '2022-05-17');
INSERT INTO withdrawal (withdrawalid, user_userid, category_categoryid, amount, date) VALUES (568, '0', '0', '573.47', '2022-06-24');
INSERT INTO withdrawal (withdrawalid, user_userid, category_categoryid, amount, date) VALUES (569, '1', '1', '437.87', '2022-05-21');
INSERT INTO withdrawal (withdrawalid, user_userid, category_categoryid, amount, date) VALUES (570, '2', '2', '959.28', '2022-05-23');
INSERT INTO withdrawal (withdrawalid, user_userid, category_categoryid, amount, date) VALUES (571, '3', '0', '1002.09', '2022-05-14');
INSERT INTO withdrawal (withdrawalid, user_userid, category_categoryid, amount, date) VALUES (572, '2', '0', '753.19', '2022-07-25');
INSERT INTO withdrawal (withdrawalid, user_userid, category_categoryid, amount, date) VALUES (573, '3', '2', '112.79', '2022-05-09');
INSERT INTO withdrawal (withdrawalid, user_userid, category_categoryid, amount, date) VALUES (574, '0', '0', '1093.29', '2022-07-23');
INSERT INTO withdrawal (withdrawalid, user_userid, category_categoryid, amount, date) VALUES (575, '3', '1', '879.02', '2022-07-07');
INSERT INTO withdrawal (withdrawalid, user_userid, category_categoryid, amount, date) VALUES (576, '0', '2', '254.65', '2022-08-02');
INSERT INTO withdrawal (withdrawalid, user_userid, category_categoryid, amount, date) VALUES (577, '3', '2', '943.03', '2022-08-04');
INSERT INTO withdrawal (withdrawalid, user_userid, category_categoryid, amount, date) VALUES (578, '2', '1', '639.8', '2022-07-13');
INSERT INTO withdrawal (withdrawalid, user_userid, category_categoryid, amount, date) VALUES (579, '3', '2', '478.48', '2022-07-30');
INSERT INTO withdrawal (withdrawalid, user_userid, category_categoryid, amount, date) VALUES (580, '0', '2', '891.82', '2022-08-05');
INSERT INTO withdrawal (withdrawalid, user_userid, category_categoryid, amount, date) VALUES (581, '0', '0', '485.07', '2022-05-15');
INSERT INTO withdrawal (withdrawalid, user_userid, category_categoryid, amount, date) VALUES (582, '0', '1', '1114.02', '2022-05-10');
INSERT INTO withdrawal (withdrawalid, user_userid, category_categoryid, amount, date) VALUES (583, '3', '1', '664.26', '2022-07-12');
INSERT INTO withdrawal (withdrawalid, user_userid, category_categoryid, amount, date) VALUES (584, '2', '2', '546.57', '2022-07-21');
INSERT INTO withdrawal (withdrawalid, user_userid, category_categoryid, amount, date) VALUES (585, '3', '2', '629.64', '2022-08-04');
INSERT INTO withdrawal (withdrawalid, user_userid, category_categoryid, amount, date) VALUES (586, '3', '1', '945.86', '2022-07-20');
INSERT INTO withdrawal (withdrawalid, user_userid, category_categoryid, amount, date) VALUES (587, '1', '1', '1156.31', '2022-05-16');
INSERT INTO withdrawal (withdrawalid, user_userid, category_categoryid, amount, date) VALUES (588, '0', '2', '230.75', '2022-07-20');
INSERT INTO withdrawal (withdrawalid, user_userid, category_categoryid, amount, date) VALUES (589, '2', '2', '324.58', '2022-07-05');
INSERT INTO withdrawal (withdrawalid, user_userid, category_categoryid, amount, date) VALUES (590, '3', '2', '394.47', '2022-05-23');
INSERT INTO withdrawal (withdrawalid, user_userid, category_categoryid, amount, date) VALUES (591, '0', '2', '1097.45', '2022-06-20');
INSERT INTO withdrawal (withdrawalid, user_userid, category_categoryid, amount, date) VALUES (592, '3', '2', '1042.93', '2022-08-09');
INSERT INTO withdrawal (withdrawalid, user_userid, category_categoryid, amount, date) VALUES (593, '0', '0', '1131.92', '2022-07-14');
INSERT INTO withdrawal (withdrawalid, user_userid, category_categoryid, amount, date) VALUES (594, '2', '0', '707.71', '2022-07-08');
INSERT INTO withdrawal (withdrawalid, user_userid, category_categoryid, amount, date) VALUES (595, '2', '1', '571.21', '2022-07-20');
INSERT INTO withdrawal (withdrawalid, user_userid, category_categoryid, amount, date) VALUES (596, '3', '1', '1064.59', '2022-07-31');
INSERT INTO withdrawal (withdrawalid, user_userid, category_categoryid, amount, date) VALUES (597, '2', '1', '262.01', '2022-06-21');
INSERT INTO withdrawal (withdrawalid, user_userid, category_categoryid, amount, date) VALUES (598, '1', '2', '658.38', '2022-06-06');
INSERT INTO withdrawal (withdrawalid, user_userid, category_categoryid, amount, date) VALUES (599, '1', '0', '297.0', '2022-07-16');
INSERT INTO withdrawal (withdrawalid, user_userid, category_categoryid, amount, date) VALUES (600, '2', '1', '690.54', '2022-06-01');
INSERT INTO withdrawal (withdrawalid, user_userid, category_categoryid, amount, date) VALUES (601, '3', '2', '1058.23', '2022-08-10');
INSERT INTO withdrawal (withdrawalid, user_userid, category_categoryid, amount, date) VALUES (602, '3', '0', '772.01', '2022-06-24');
INSERT INTO withdrawal (withdrawalid, user_userid, category_categoryid, amount, date) VALUES (603, '1', '0', '528.87', '2022-08-03');
INSERT INTO withdrawal (withdrawalid, user_userid, category_categoryid, amount, date) VALUES (604, '2', '1', '1008.06', '2022-05-12');
INSERT INTO withdrawal (withdrawalid, user_userid, category_categoryid, amount, date) VALUES (605, '0', '0', '1139.88', '2022-07-03');
INSERT INTO withdrawal (withdrawalid, user_userid, category_categoryid, amount, date) VALUES (606, '1', '1', '493.75', '2022-05-09');
INSERT INTO withdrawal (withdrawalid, user_userid, category_categoryid, amount, date) VALUES (607, '3', '1', '754.38', '2022-07-28');
INSERT INTO withdrawal (withdrawalid, user_userid, category_categoryid, amount, date) VALUES (608, '3', '2', '564.43', '2022-05-26');
INSERT INTO withdrawal (withdrawalid, user_userid, category_categoryid, amount, date) VALUES (609, '0', '0', '931.93', '2022-06-09');
INSERT INTO withdrawal (withdrawalid, user_userid, category_categoryid, amount, date) VALUES (610, '1', '2', '209.75', '2022-06-04');
INSERT INTO withdrawal (withdrawalid, user_userid, category_categoryid, amount, date) VALUES (611, '1', '2', '650.26', '2022-06-06');
INSERT INTO withdrawal (withdrawalid, user_userid, category_categoryid, amount, date) VALUES (612, '2', '0', '226.76', '2022-07-19');
INSERT INTO withdrawal (withdrawalid, user_userid, category_categoryid, amount, date) VALUES (613, '0', '0', '705.77', '2022-05-30');
INSERT INTO withdrawal (withdrawalid, user_userid, category_categoryid, amount, date) VALUES (614, '0', '1', '104.99', '2022-06-04');
INSERT INTO withdrawal (withdrawalid, user_userid, category_categoryid, amount, date) VALUES (615, '2', '0', '991.27', '2022-07-02');
INSERT INTO withdrawal (withdrawalid, user_userid, category_categoryid, amount, date) VALUES (616, '3', '1', '180.15', '2022-05-13');
INSERT INTO withdrawal (withdrawalid, user_userid, category_categoryid, amount, date) VALUES (617, '3', '2', '480.6', '2022-05-19');
INSERT INTO withdrawal (withdrawalid, user_userid, category_categoryid, amount, date) VALUES (618, '1', '2', '100.54', '2022-06-15');
INSERT INTO withdrawal (withdrawalid, user_userid, category_categoryid, amount, date) VALUES (619, '2', '2', '881.86', '2022-08-07');
INSERT INTO withdrawal (withdrawalid, user_userid, category_categoryid, amount, date) VALUES (620, '2', '1', '612.57', '2022-07-04');
INSERT INTO withdrawal (withdrawalid, user_userid, category_categoryid, amount, date) VALUES (621, '0', '1', '693.97', '2022-05-26');
INSERT INTO withdrawal (withdrawalid, user_userid, category_categoryid, amount, date) VALUES (622, '3', '0', '979.03', '2022-08-03');
INSERT INTO withdrawal (withdrawalid, user_userid, category_categoryid, amount, date) VALUES (623, '0', '2', '793.43', '2022-07-29');
INSERT INTO withdrawal (withdrawalid, user_userid, category_categoryid, amount, date) VALUES (624, '1', '1', '965.24', '2022-06-05');
INSERT INTO withdrawal (withdrawalid, user_userid, category_categoryid, amount, date) VALUES (625, '1', '0', '468.01', '2022-06-17');
INSERT INTO withdrawal (withdrawalid, user_userid, category_categoryid, amount, date) VALUES (626, '1', '2', '252.04', '2022-06-19');
INSERT INTO withdrawal (withdrawalid, user_userid, category_categoryid, amount, date) VALUES (627, '2', '1', '397.63', '2022-05-09');
INSERT INTO withdrawal (withdrawalid, user_userid, category_categoryid, amount, date) VALUES (628, '2', '0', '1131.21', '2022-05-26');
INSERT INTO withdrawal (withdrawalid, user_userid, category_categoryid, amount, date) VALUES (629, '3', '1', '1134.87', '2022-07-09');
INSERT INTO withdrawal (withdrawalid, user_userid, category_categoryid, amount, date) VALUES (630, '1', '0', '975.76', '2022-06-23');
INSERT INTO withdrawal (withdrawalid, user_userid, category_categoryid, amount, date) VALUES (631, '1', '2', '958.69', '2022-06-15');
INSERT INTO withdrawal (withdrawalid, user_userid, category_categoryid, amount, date) VALUES (632, '3', '0', '925.97', '2022-05-16');
INSERT INTO withdrawal (withdrawalid, user_userid, category_categoryid, amount, date) VALUES (633, '0', '1', '601.67', '2022-05-23');
INSERT INTO withdrawal (withdrawalid, user_userid, category_categoryid, amount, date) VALUES (634, '1', '1', '353.85', '2022-08-02');
INSERT INTO withdrawal (withdrawalid, user_userid, category_categoryid, amount, date) VALUES (635, '0', '0', '462.46', '2022-06-13');
INSERT INTO withdrawal (withdrawalid, user_userid, category_categoryid, amount, date) VALUES (636, '1', '1', '638.92', '2022-08-12');
INSERT INTO withdrawal (withdrawalid, user_userid, category_categoryid, amount, date) VALUES (637, '3', '2', '447.67', '2022-06-01');
INSERT INTO withdrawal (withdrawalid, user_userid, category_categoryid, amount, date) VALUES (638, '0', '2', '1185.17', '2022-07-19');
INSERT INTO withdrawal (withdrawalid, user_userid, category_categoryid, amount, date) VALUES (639, '1', '2', '282.07', '2022-06-17');
INSERT INTO withdrawal (withdrawalid, user_userid, category_categoryid, amount, date) VALUES (640, '0', '2', '1133.67', '2022-05-28');
INSERT INTO withdrawal (withdrawalid, user_userid, category_categoryid, amount, date) VALUES (641, '0', '0', '751.51', '2022-07-12');
INSERT INTO withdrawal (withdrawalid, user_userid, category_categoryid, amount, date) VALUES (642, '0', '2', '335.37', '2022-07-14');
INSERT INTO withdrawal (withdrawalid, user_userid, category_categoryid, amount, date) VALUES (643, '3', '0', '434.28', '2022-06-03');
INSERT INTO withdrawal (withdrawalid, user_userid, category_categoryid, amount, date) VALUES (644, '2', '1', '847.02', '2022-07-04');
INSERT INTO withdrawal (withdrawalid, user_userid, category_categoryid, amount, date) VALUES (645, '2', '0', '790.58', '2022-06-11');
INSERT INTO withdrawal (withdrawalid, user_userid, category_categoryid, amount, date) VALUES (646, '1', '0', '523.9', '2022-07-23');
INSERT INTO withdrawal (withdrawalid, user_userid, category_categoryid, amount, date) VALUES (647, '3', '2', '575.17', '2022-06-07');
INSERT INTO withdrawal (withdrawalid, user_userid, category_categoryid, amount, date) VALUES (648, '1', '0', '366.62', '2022-08-10');
INSERT INTO withdrawal (withdrawalid, user_userid, category_categoryid, amount, date) VALUES (649, '3', '0', '1075.82', '2022-07-31');
INSERT INTO withdrawal (withdrawalid, user_userid, category_categoryid, amount, date) VALUES (650, '3', '1', '1156.96', '2022-05-14');
INSERT INTO withdrawal (withdrawalid, user_userid, category_categoryid, amount, date) VALUES (651, '2', '0', '1011.64', '2022-07-11');
INSERT INTO withdrawal (withdrawalid, user_userid, category_categoryid, amount, date) VALUES (652, '3', '2', '346.83', '2022-05-22');
INSERT INTO withdrawal (withdrawalid, user_userid, category_categoryid, amount, date) VALUES (653, '1', '2', '825.4', '2022-08-07');
INSERT INTO withdrawal (withdrawalid, user_userid, category_categoryid, amount, date) VALUES (654, '1', '0', '874.41', '2022-06-08');
INSERT INTO withdrawal (withdrawalid, user_userid, category_categoryid, amount, date) VALUES (655, '3', '1', '673.34', '2022-05-21');
INSERT INTO withdrawal (withdrawalid, user_userid, category_categoryid, amount, date) VALUES (656, '2', '2', '1147.57', '2022-06-10');
INSERT INTO withdrawal (withdrawalid, user_userid, category_categoryid, amount, date) VALUES (657, '3', '1', '656.66', '2022-08-08');
INSERT INTO withdrawal (withdrawalid, user_userid, category_categoryid, amount, date) VALUES (658, '1', '1', '1084.94', '2022-07-26');
INSERT INTO withdrawal (withdrawalid, user_userid, category_categoryid, amount, date) VALUES (659, '2', '0', '849.15', '2022-07-29');
INSERT INTO withdrawal (withdrawalid, user_userid, category_categoryid, amount, date) VALUES (660, '2', '0', '870.47', '2022-05-30');
INSERT INTO withdrawal (withdrawalid, user_userid, category_categoryid, amount, date) VALUES (661, '1', '2', '549.29', '2022-08-12');
INSERT INTO withdrawal (withdrawalid, user_userid, category_categoryid, amount, date) VALUES (662, '1', '0', '1184.49', '2022-07-30');
INSERT INTO withdrawal (withdrawalid, user_userid, category_categoryid, amount, date) VALUES (663, '1', '2', '431.72', '2022-08-08');
INSERT INTO withdrawal (withdrawalid, user_userid, category_categoryid, amount, date) VALUES (664, '1', '2', '961.33', '2022-06-18');
INSERT INTO withdrawal (withdrawalid, user_userid, category_categoryid, amount, date) VALUES (665, '0', '1', '757.05', '2022-07-08');
INSERT INTO withdrawal (withdrawalid, user_userid, category_categoryid, amount, date) VALUES (666, '2', '1', '955.12', '2022-07-31');
INSERT INTO withdrawal (withdrawalid, user_userid, category_categoryid, amount, date) VALUES (667, '3', '0', '318.45', '2022-08-06');
INSERT INTO withdrawal (withdrawalid, user_userid, category_categoryid, amount, date) VALUES (668, '3', '0', '890.51', '2022-06-23');
INSERT INTO withdrawal (withdrawalid, user_userid, category_categoryid, amount, date) VALUES (669, '3', '1', '628.96', '2022-05-20');
INSERT INTO withdrawal (withdrawalid, user_userid, category_categoryid, amount, date) VALUES (670, '2', '2', '140.6', '2022-07-01');
INSERT INTO withdrawal (withdrawalid, user_userid, category_categoryid, amount, date) VALUES (671, '2', '2', '224.0', '2022-06-27');
INSERT INTO withdrawal (withdrawalid, user_userid, category_categoryid, amount, date) VALUES (672, '0', '0', '708.25', '2022-07-31');
INSERT INTO withdrawal (withdrawalid, user_userid, category_categoryid, amount, date) VALUES (673, '2', '1', '1068.27', '2022-06-06');
INSERT INTO withdrawal (withdrawalid, user_userid, category_categoryid, amount, date) VALUES (674, '3', '1', '270.13', '2022-05-24');
INSERT INTO withdrawal (withdrawalid, user_userid, category_categoryid, amount, date) VALUES (675, '0', '0', '1033.41', '2022-06-21');
INSERT INTO withdrawal (withdrawalid, user_userid, category_categoryid, amount, date) VALUES (676, '2', '1', '416.25', '2022-07-16');
INSERT INTO withdrawal (withdrawalid, user_userid, category_categoryid, amount, date) VALUES (677, '2', '0', '268.85', '2022-06-30');
INSERT INTO withdrawal (withdrawalid, user_userid, category_categoryid, amount, date) VALUES (678, '1', '1', '471.29', '2022-05-22');
INSERT INTO withdrawal (withdrawalid, user_userid, category_categoryid, amount, date) VALUES (679, '3', '2', '1140.92', '2022-05-12');
INSERT INTO withdrawal (withdrawalid, user_userid, category_categoryid, amount, date) VALUES (680, '0', '1', '532.36', '2022-05-21');
INSERT INTO withdrawal (withdrawalid, user_userid, category_categoryid, amount, date) VALUES (681, '1', '2', '577.68', '2022-07-23');
INSERT INTO withdrawal (withdrawalid, user_userid, category_categoryid, amount, date) VALUES (682, '3', '0', '1107.71', '2022-05-22');
INSERT INTO withdrawal (withdrawalid, user_userid, category_categoryid, amount, date) VALUES (683, '1', '0', '1157.52', '2022-05-12');
INSERT INTO withdrawal (withdrawalid, user_userid, category_categoryid, amount, date) VALUES (684, '2', '2', '132.81', '2022-06-23');
INSERT INTO withdrawal (withdrawalid, user_userid, category_categoryid, amount, date) VALUES (685, '1', '1', '633.19', '2022-07-21');
INSERT INTO withdrawal (withdrawalid, user_userid, category_categoryid, amount, date) VALUES (686, '1', '2', '167.73', '2022-05-30');
INSERT INTO withdrawal (withdrawalid, user_userid, category_categoryid, amount, date) VALUES (687, '3', '1', '327.08', '2022-07-23');
INSERT INTO withdrawal (withdrawalid, user_userid, category_categoryid, amount, date) VALUES (688, '1', '1', '761.55', '2022-08-01');
INSERT INTO withdrawal (withdrawalid, user_userid, category_categoryid, amount, date) VALUES (689, '1', '1', '246.33', '2022-08-04');
INSERT INTO withdrawal (withdrawalid, user_userid, category_categoryid, amount, date) VALUES (690, '3', '0', '1152.38', '2022-06-04');
INSERT INTO withdrawal (withdrawalid, user_userid, category_categoryid, amount, date) VALUES (691, '1', '2', '369.72', '2022-07-01');
INSERT INTO withdrawal (withdrawalid, user_userid, category_categoryid, amount, date) VALUES (692, '2', '2', '1067.82', '2022-07-16');
INSERT INTO withdrawal (withdrawalid, user_userid, category_categoryid, amount, date) VALUES (693, '0', '1', '697.11', '2022-06-25');
INSERT INTO withdrawal (withdrawalid, user_userid, category_categoryid, amount, date) VALUES (694, '3', '0', '386.82', '2022-06-20');
INSERT INTO withdrawal (withdrawalid, user_userid, category_categoryid, amount, date) VALUES (695, '2', '0', '818.36', '2022-07-10');
INSERT INTO withdrawal (withdrawalid, user_userid, category_categoryid, amount, date) VALUES (696, '2', '1', '916.5', '2022-07-08');
INSERT INTO withdrawal (withdrawalid, user_userid, category_categoryid, amount, date) VALUES (697, '1', '1', '1168.12', '2022-07-07');
INSERT INTO withdrawal (withdrawalid, user_userid, category_categoryid, amount, date) VALUES (698, '2', '1', '785.79', '2022-08-15');
INSERT INTO withdrawal (withdrawalid, user_userid, category_categoryid, amount, date) VALUES (699, '0', '2', '458.22', '2022-05-09');
INSERT INTO withdrawal (withdrawalid, user_userid, category_categoryid, amount, date) VALUES (700, '3', '2', '555.28', '2022-07-18');
INSERT INTO withdrawal (withdrawalid, user_userid, category_categoryid, amount, date) VALUES (701, '0', '1', '742.78', '2022-08-02');
INSERT INTO withdrawal (withdrawalid, user_userid, category_categoryid, amount, date) VALUES (702, '1', '0', '279.29', '2022-05-31');
INSERT INTO withdrawal (withdrawalid, user_userid, category_categoryid, amount, date) VALUES (703, '1', '1', '1035.01', '2022-08-15');
INSERT INTO withdrawal (withdrawalid, user_userid, category_categoryid, amount, date) VALUES (704, '0', '1', '573.28', '2022-05-15');
INSERT INTO withdrawal (withdrawalid, user_userid, category_categoryid, amount, date) VALUES (705, '0', '0', '285.88', '2022-08-05');
INSERT INTO withdrawal (withdrawalid, user_userid, category_categoryid, amount, date) VALUES (706, '0', '0', '1105.6', '2022-06-18');
INSERT INTO withdrawal (withdrawalid, user_userid, category_categoryid, amount, date) VALUES (707, '0', '1', '255.64', '2022-07-25');
INSERT INTO withdrawal (withdrawalid, user_userid, category_categoryid, amount, date) VALUES (708, '2', '1', '1170.64', '2022-07-19');
INSERT INTO withdrawal (withdrawalid, user_userid, category_categoryid, amount, date) VALUES (709, '3', '2', '965.2', '2022-07-02');
INSERT INTO withdrawal (withdrawalid, user_userid, category_categoryid, amount, date) VALUES (710, '2', '1', '457.11', '2022-06-27');
INSERT INTO withdrawal (withdrawalid, user_userid, category_categoryid, amount, date) VALUES (711, '1', '2', '217.63', '2022-07-13');
INSERT INTO withdrawal (withdrawalid, user_userid, category_categoryid, amount, date) VALUES (712, '3', '0', '730.48', '2022-07-15');
INSERT INTO withdrawal (withdrawalid, user_userid, category_categoryid, amount, date) VALUES (713, '0', '1', '1074.12', '2022-07-01');
INSERT INTO withdrawal (withdrawalid, user_userid, category_categoryid, amount, date) VALUES (714, '3', '0', '855.17', '2022-07-15');
INSERT INTO withdrawal (withdrawalid, user_userid, category_categoryid, amount, date) VALUES (715, '1', '1', '543.81', '2022-05-30');
INSERT INTO withdrawal (withdrawalid, user_userid, category_categoryid, amount, date) VALUES (716, '3', '0', '1150.26', '2022-06-14');
INSERT INTO withdrawal (withdrawalid, user_userid, category_categoryid, amount, date) VALUES (717, '2', '0', '1071.24', '2022-06-25');
INSERT INTO withdrawal (withdrawalid, user_userid, category_categoryid, amount, date) VALUES (718, '1', '2', '492.48', '2022-07-22');
INSERT INTO withdrawal (withdrawalid, user_userid, category_categoryid, amount, date) VALUES (719, '3', '0', '153.9', '2022-05-11');
INSERT INTO withdrawal (withdrawalid, user_userid, category_categoryid, amount, date) VALUES (720, '3', '2', '153.63', '2022-08-13');
INSERT INTO withdrawal (withdrawalid, user_userid, category_categoryid, amount, date) VALUES (721, '3', '2', '878.44', '2022-05-11');
INSERT INTO withdrawal (withdrawalid, user_userid, category_categoryid, amount, date) VALUES (722, '3', '2', '1171.17', '2022-05-19');
INSERT INTO withdrawal (withdrawalid, user_userid, category_categoryid, amount, date) VALUES (723, '2', '1', '312.26', '2022-05-31');
INSERT INTO withdrawal (withdrawalid, user_userid, category_categoryid, amount, date) VALUES (724, '3', '2', '702.91', '2022-07-28');
INSERT INTO withdrawal (withdrawalid, user_userid, category_categoryid, amount, date) VALUES (725, '3', '1', '288.71', '2022-06-23');
INSERT INTO withdrawal (withdrawalid, user_userid, category_categoryid, amount, date) VALUES (726, '3', '2', '630.81', '2022-07-12');
INSERT INTO withdrawal (withdrawalid, user_userid, category_categoryid, amount, date) VALUES (727, '1', '0', '1075.66', '2022-05-12');
INSERT INTO withdrawal (withdrawalid, user_userid, category_categoryid, amount, date) VALUES (728, '0', '0', '152.63', '2022-07-26');
INSERT INTO withdrawal (withdrawalid, user_userid, category_categoryid, amount, date) VALUES (729, '2', '0', '689.41', '2022-08-02');
INSERT INTO withdrawal (withdrawalid, user_userid, category_categoryid, amount, date) VALUES (730, '1', '0', '345.41', '2022-06-22');
INSERT INTO withdrawal (withdrawalid, user_userid, category_categoryid, amount, date) VALUES (731, '1', '2', '156.11', '2022-05-31');
INSERT INTO withdrawal (withdrawalid, user_userid, category_categoryid, amount, date) VALUES (732, '3', '1', '271.83', '2022-06-11');
INSERT INTO withdrawal (withdrawalid, user_userid, category_categoryid, amount, date) VALUES (733, '1', '1', '1090.21', '2022-07-08');
INSERT INTO withdrawal (withdrawalid, user_userid, category_categoryid, amount, date) VALUES (734, '3', '0', '760.62', '2022-08-15');
INSERT INTO withdrawal (withdrawalid, user_userid, category_categoryid, amount, date) VALUES (735, '0', '2', '272.09', '2022-08-05');
INSERT INTO withdrawal (withdrawalid, user_userid, category_categoryid, amount, date) VALUES (736, '2', '1', '646.38', '2022-06-13');
INSERT INTO withdrawal (withdrawalid, user_userid, category_categoryid, amount, date) VALUES (737, '2', '2', '703.11', '2022-08-07');
INSERT INTO withdrawal (withdrawalid, user_userid, category_categoryid, amount, date) VALUES (738, '2', '0', '217.59', '2022-06-03');
INSERT INTO withdrawal (withdrawalid, user_userid, category_categoryid, amount, date) VALUES (739, '1', '0', '686.55', '2022-05-29');
INSERT INTO withdrawal (withdrawalid, user_userid, category_categoryid, amount, date) VALUES (740, '0', '0', '1168.89', '2022-06-21');
INSERT INTO withdrawal (withdrawalid, user_userid, category_categoryid, amount, date) VALUES (741, '2', '2', '1073.34', '2022-05-29');
INSERT INTO withdrawal (withdrawalid, user_userid, category_categoryid, amount, date) VALUES (742, '1', '2', '696.07', '2022-08-13');
INSERT INTO withdrawal (withdrawalid, user_userid, category_categoryid, amount, date) VALUES (743, '2', '2', '253.73', '2022-07-14');
INSERT INTO withdrawal (withdrawalid, user_userid, category_categoryid, amount, date) VALUES (744, '0', '0', '541.87', '2022-05-22');
INSERT INTO withdrawal (withdrawalid, user_userid, category_categoryid, amount, date) VALUES (745, '1', '2', '247.15', '2022-08-11');
INSERT INTO withdrawal (withdrawalid, user_userid, category_categoryid, amount, date) VALUES (746, '1', '1', '970.53', '2022-07-06');
INSERT INTO withdrawal (withdrawalid, user_userid, category_categoryid, amount, date) VALUES (747, '3', '2', '982.29', '2022-05-26');
INSERT INTO withdrawal (withdrawalid, user_userid, category_categoryid, amount, date) VALUES (748, '0', '2', '408.7', '2022-07-31');
INSERT INTO withdrawal (withdrawalid, user_userid, category_categoryid, amount, date) VALUES (749, '3', '2', '1191.67', '2022-06-26');
INSERT INTO withdrawal (withdrawalid, user_userid, category_categoryid, amount, date) VALUES (750, '0', '2', '969.46', '2022-06-17');
INSERT INTO withdrawal (withdrawalid, user_userid, category_categoryid, amount, date) VALUES (751, '3', '0', '1020.66', '2022-05-24');
INSERT INTO withdrawal (withdrawalid, user_userid, category_categoryid, amount, date) VALUES (752, '0', '2', '537.91', '2022-05-15');
INSERT INTO withdrawal (withdrawalid, user_userid, category_categoryid, amount, date) VALUES (753, '2', '2', '357.42', '2022-06-10');
INSERT INTO withdrawal (withdrawalid, user_userid, category_categoryid, amount, date) VALUES (754, '2', '2', '1052.42', '2022-06-12');
INSERT INTO withdrawal (withdrawalid, user_userid, category_categoryid, amount, date) VALUES (755, '2', '1', '278.3', '2022-05-23');
INSERT INTO withdrawal (withdrawalid, user_userid, category_categoryid, amount, date) VALUES (756, '1', '0', '191.91', '2022-06-18');
INSERT INTO withdrawal (withdrawalid, user_userid, category_categoryid, amount, date) VALUES (757, '2', '2', '507.38', '2022-07-12');
INSERT INTO withdrawal (withdrawalid, user_userid, category_categoryid, amount, date) VALUES (758, '3', '2', '176.05', '2022-05-16');
INSERT INTO withdrawal (withdrawalid, user_userid, category_categoryid, amount, date) VALUES (759, '2', '2', '906.15', '2022-05-27');
INSERT INTO withdrawal (withdrawalid, user_userid, category_categoryid, amount, date) VALUES (760, '2', '2', '564.65', '2022-07-31');
INSERT INTO withdrawal (withdrawalid, user_userid, category_categoryid, amount, date) VALUES (761, '0', '1', '246.96', '2022-08-16');
INSERT INTO withdrawal (withdrawalid, user_userid, category_categoryid, amount, date) VALUES (762, '3', '2', '465.52', '2022-07-05');
INSERT INTO withdrawal (withdrawalid, user_userid, category_categoryid, amount, date) VALUES (763, '2', '2', '240.61', '2022-05-30');
INSERT INTO withdrawal (withdrawalid, user_userid, category_categoryid, amount, date) VALUES (764, '2', '2', '1178.58', '2022-07-05');
INSERT INTO withdrawal (withdrawalid, user_userid, category_categoryid, amount, date) VALUES (765, '0', '1', '709.25', '2022-06-27');
INSERT INTO withdrawal (withdrawalid, user_userid, category_categoryid, amount, date) VALUES (766, '3', '1', '250.65', '2022-05-25');
INSERT INTO withdrawal (withdrawalid, user_userid, category_categoryid, amount, date) VALUES (767, '3', '1', '770.41', '2022-05-31');
INSERT INTO withdrawal (withdrawalid, user_userid, category_categoryid, amount, date) VALUES (768, '1', '2', '867.66', '2022-05-17');
INSERT INTO withdrawal (withdrawalid, user_userid, category_categoryid, amount, date) VALUES (769, '2', '0', '1188.45', '2022-08-08');
INSERT INTO withdrawal (withdrawalid, user_userid, category_categoryid, amount, date) VALUES (770, '0', '0', '467.83', '2022-05-30');
INSERT INTO withdrawal (withdrawalid, user_userid, category_categoryid, amount, date) VALUES (771, '0', '1', '981.07', '2022-06-25');
INSERT INTO withdrawal (withdrawalid, user_userid, category_categoryid, amount, date) VALUES (772, '3', '0', '1035.45', '2022-08-12');
INSERT INTO withdrawal (withdrawalid, user_userid, category_categoryid, amount, date) VALUES (773, '2', '0', '1194.5', '2022-06-15');
INSERT INTO withdrawal (withdrawalid, user_userid, category_categoryid, amount, date) VALUES (774, '1', '2', '877.18', '2022-06-07');
INSERT INTO withdrawal (withdrawalid, user_userid, category_categoryid, amount, date) VALUES (775, '3', '1', '497.98', '2022-07-10');
INSERT INTO withdrawal (withdrawalid, user_userid, category_categoryid, amount, date) VALUES (776, '0', '0', '226.11', '2022-07-24');
INSERT INTO withdrawal (withdrawalid, user_userid, category_categoryid, amount, date) VALUES (777, '2', '0', '872.42', '2022-07-10');
INSERT INTO withdrawal (withdrawalid, user_userid, category_categoryid, amount, date) VALUES (778, '0', '1', '402.09', '2022-05-21');
INSERT INTO withdrawal (withdrawalid, user_userid, category_categoryid, amount, date) VALUES (779, '1', '2', '614.71', '2022-05-09');
INSERT INTO withdrawal (withdrawalid, user_userid, category_categoryid, amount, date) VALUES (780, '0', '2', '694.74', '2022-06-25');
INSERT INTO withdrawal (withdrawalid, user_userid, category_categoryid, amount, date) VALUES (781, '0', '0', '667.76', '2022-05-30');
INSERT INTO withdrawal (withdrawalid, user_userid, category_categoryid, amount, date) VALUES (782, '0', '2', '891.94', '2022-07-06');
INSERT INTO withdrawal (withdrawalid, user_userid, category_categoryid, amount, date) VALUES (783, '2', '2', '1002.67', '2022-07-26');
INSERT INTO withdrawal (withdrawalid, user_userid, category_categoryid, amount, date) VALUES (784, '1', '2', '816.63', '2022-06-25');
INSERT INTO withdrawal (withdrawalid, user_userid, category_categoryid, amount, date) VALUES (785, '1', '2', '723.58', '2022-05-20');
INSERT INTO withdrawal (withdrawalid, user_userid, category_categoryid, amount, date) VALUES (786, '2', '1', '950.4', '2022-06-18');
INSERT INTO withdrawal (withdrawalid, user_userid, category_categoryid, amount, date) VALUES (787, '1', '0', '173.93', '2022-08-16');
INSERT INTO withdrawal (withdrawalid, user_userid, category_categoryid, amount, date) VALUES (788, '1', '2', '826.75', '2022-08-11');
INSERT INTO withdrawal (withdrawalid, user_userid, category_categoryid, amount, date) VALUES (789, '1', '2', '1146.84', '2022-05-26');
INSERT INTO withdrawal (withdrawalid, user_userid, category_categoryid, amount, date) VALUES (790, '2', '2', '167.99', '2022-08-16');
INSERT INTO withdrawal (withdrawalid, user_userid, category_categoryid, amount, date) VALUES (791, '0', '2', '569.0', '2022-07-18');
INSERT INTO withdrawal (withdrawalid, user_userid, category_categoryid, amount, date) VALUES (792, '3', '2', '501.21', '2022-08-14');
INSERT INTO withdrawal (withdrawalid, user_userid, category_categoryid, amount, date) VALUES (793, '2', '2', '186.79', '2022-06-28');
INSERT INTO withdrawal (withdrawalid, user_userid, category_categoryid, amount, date) VALUES (794, '3', '0', '169.13', '2022-06-06');
INSERT INTO withdrawal (withdrawalid, user_userid, category_categoryid, amount, date) VALUES (795, '1', '1', '616.2', '2022-08-01');
INSERT INTO withdrawal (withdrawalid, user_userid, category_categoryid, amount, date) VALUES (796, '0', '0', '494.06', '2022-07-24');
INSERT INTO withdrawal (withdrawalid, user_userid, category_categoryid, amount, date) VALUES (797, '1', '2', '835.05', '2022-07-16');
INSERT INTO withdrawal (withdrawalid, user_userid, category_categoryid, amount, date) VALUES (798, '3', '2', '1101.59', '2022-06-03');
INSERT INTO withdrawal (withdrawalid, user_userid, category_categoryid, amount, date) VALUES (799, '0', '1', '727.32', '2022-06-17');
INSERT INTO withdrawal (withdrawalid, user_userid, category_categoryid, amount, date) VALUES (800, '2', '1', '259.72', '2022-06-27');
INSERT INTO withdrawal (withdrawalid, user_userid, category_categoryid, amount, date) VALUES (801, '0', '1', '257.01', '2022-05-14');
INSERT INTO withdrawal (withdrawalid, user_userid, category_categoryid, amount, date) VALUES (802, '0', '0', '298.43', '2022-07-16');
INSERT INTO withdrawal (withdrawalid, user_userid, category_categoryid, amount, date) VALUES (803, '2', '0', '620.09', '2022-06-11');
INSERT INTO withdrawal (withdrawalid, user_userid, category_categoryid, amount, date) VALUES (804, '1', '1', '740.36', '2022-08-01');
INSERT INTO withdrawal (withdrawalid, user_userid, category_categoryid, amount, date) VALUES (805, '3', '1', '238.28', '2022-05-17');
INSERT INTO withdrawal (withdrawalid, user_userid, category_categoryid, amount, date) VALUES (806, '0', '2', '516.39', '2022-06-16');
INSERT INTO withdrawal (withdrawalid, user_userid, category_categoryid, amount, date) VALUES (807, '3', '2', '762.75', '2022-07-26');
INSERT INTO withdrawal (withdrawalid, user_userid, category_categoryid, amount, date) VALUES (808, '1', '1', '461.77', '2022-06-03');
INSERT INTO withdrawal (withdrawalid, user_userid, category_categoryid, amount, date) VALUES (809, '2', '0', '474.94', '2022-06-17');
INSERT INTO withdrawal (withdrawalid, user_userid, category_categoryid, amount, date) VALUES (810, '0', '1', '794.43', '2022-05-21');
INSERT INTO withdrawal (withdrawalid, user_userid, category_categoryid, amount, date) VALUES (811, '3', '1', '1128.2', '2022-08-07');
INSERT INTO withdrawal (withdrawalid, user_userid, category_categoryid, amount, date) VALUES (812, '1', '1', '836.23', '2022-05-08');
INSERT INTO withdrawal (withdrawalid, user_userid, category_categoryid, amount, date) VALUES (813, '1', '2', '829.88', '2022-05-17');
INSERT INTO withdrawal (withdrawalid, user_userid, category_categoryid, amount, date) VALUES (814, '3', '1', '824.16', '2022-07-16');
INSERT INTO withdrawal (withdrawalid, user_userid, category_categoryid, amount, date) VALUES (815, '0', '1', '998.56', '2022-06-26');
INSERT INTO withdrawal (withdrawalid, user_userid, category_categoryid, amount, date) VALUES (816, '1', '0', '834.7', '2022-05-17');
INSERT INTO withdrawal (withdrawalid, user_userid, category_categoryid, amount, date) VALUES (817, '2', '1', '723.84', '2022-08-09');
INSERT INTO withdrawal (withdrawalid, user_userid, category_categoryid, amount, date) VALUES (818, '0', '2', '271.86', '2022-05-10');
INSERT INTO withdrawal (withdrawalid, user_userid, category_categoryid, amount, date) VALUES (819, '1', '0', '902.26', '2022-06-14');
INSERT INTO withdrawal (withdrawalid, user_userid, category_categoryid, amount, date) VALUES (820, '1', '2', '220.19', '2022-07-03');
INSERT INTO withdrawal (withdrawalid, user_userid, category_categoryid, amount, date) VALUES (821, '3', '2', '1023.94', '2022-06-09');
INSERT INTO withdrawal (withdrawalid, user_userid, category_categoryid, amount, date) VALUES (822, '1', '2', '327.91', '2022-07-17');
INSERT INTO withdrawal (withdrawalid, user_userid, category_categoryid, amount, date) VALUES (823, '3', '2', '456.7', '2022-05-13');
INSERT INTO withdrawal (withdrawalid, user_userid, category_categoryid, amount, date) VALUES (824, '3', '1', '402.51', '2022-06-18');
INSERT INTO withdrawal (withdrawalid, user_userid, category_categoryid, amount, date) VALUES (825, '2', '0', '544.66', '2022-06-22');
INSERT INTO withdrawal (withdrawalid, user_userid, category_categoryid, amount, date) VALUES (826, '0', '1', '972.03', '2022-05-30');
INSERT INTO withdrawal (withdrawalid, user_userid, category_categoryid, amount, date) VALUES (827, '3', '0', '408.72', '2022-07-28');
INSERT INTO withdrawal (withdrawalid, user_userid, category_categoryid, amount, date) VALUES (828, '1', '2', '382.19', '2022-05-09');
INSERT INTO withdrawal (withdrawalid, user_userid, category_categoryid, amount, date) VALUES (829, '0', '1', '521.05', '2022-05-09');
INSERT INTO withdrawal (withdrawalid, user_userid, category_categoryid, amount, date) VALUES (830, '2', '1', '915.54', '2022-07-27');
INSERT INTO withdrawal (withdrawalid, user_userid, category_categoryid, amount, date) VALUES (831, '2', '0', '208.12', '2022-08-14');
INSERT INTO withdrawal (withdrawalid, user_userid, category_categoryid, amount, date) VALUES (832, '1', '2', '844.64', '2022-05-15');
INSERT INTO withdrawal (withdrawalid, user_userid, category_categoryid, amount, date) VALUES (833, '0', '1', '564.84', '2022-07-15');
INSERT INTO withdrawal (withdrawalid, user_userid, category_categoryid, amount, date) VALUES (834, '0', '1', '207.47', '2022-06-10');
INSERT INTO withdrawal (withdrawalid, user_userid, category_categoryid, amount, date) VALUES (835, '3', '0', '394.24', '2022-05-28');
INSERT INTO withdrawal (withdrawalid, user_userid, category_categoryid, amount, date) VALUES (836, '1', '0', '460.21', '2022-06-12');
INSERT INTO withdrawal (withdrawalid, user_userid, category_categoryid, amount, date) VALUES (837, '1', '1', '1105.43', '2022-07-06');
INSERT INTO withdrawal (withdrawalid, user_userid, category_categoryid, amount, date) VALUES (838, '0', '2', '1074.71', '2022-07-09');
INSERT INTO withdrawal (withdrawalid, user_userid, category_categoryid, amount, date) VALUES (839, '0', '0', '523.54', '2022-07-01');
INSERT INTO withdrawal (withdrawalid, user_userid, category_categoryid, amount, date) VALUES (840, '3', '0', '981.05', '2022-06-01');
INSERT INTO withdrawal (withdrawalid, user_userid, category_categoryid, amount, date) VALUES (841, '2', '1', '646.35', '2022-05-26');
INSERT INTO withdrawal (withdrawalid, user_userid, category_categoryid, amount, date) VALUES (842, '2', '1', '1072.94', '2022-06-19');
INSERT INTO withdrawal (withdrawalid, user_userid, category_categoryid, amount, date) VALUES (843, '0', '2', '391.0', '2022-05-27');
INSERT INTO withdrawal (withdrawalid, user_userid, category_categoryid, amount, date) VALUES (844, '1', '1', '477.76', '2022-05-11');
INSERT INTO withdrawal (withdrawalid, user_userid, category_categoryid, amount, date) VALUES (845, '3', '1', '645.8', '2022-05-10');
INSERT INTO withdrawal (withdrawalid, user_userid, category_categoryid, amount, date) VALUES (846, '1', '2', '486.36', '2022-08-02');
INSERT INTO withdrawal (withdrawalid, user_userid, category_categoryid, amount, date) VALUES (847, '2', '2', '426.63', '2022-07-13');
INSERT INTO withdrawal (withdrawalid, user_userid, category_categoryid, amount, date) VALUES (848, '3', '0', '467.89', '2022-05-17');
INSERT INTO withdrawal (withdrawalid, user_userid, category_categoryid, amount, date) VALUES (849, '0', '1', '924.61', '2022-08-05');
INSERT INTO withdrawal (withdrawalid, user_userid, category_categoryid, amount, date) VALUES (850, '2', '0', '435.56', '2022-07-23');
INSERT INTO withdrawal (withdrawalid, user_userid, category_categoryid, amount, date) VALUES (851, '1', '2', '1089.3', '2022-08-01');
INSERT INTO withdrawal (withdrawalid, user_userid, category_categoryid, amount, date) VALUES (852, '3', '1', '918.6', '2022-08-03');
INSERT INTO withdrawal (withdrawalid, user_userid, category_categoryid, amount, date) VALUES (853, '3', '2', '974.54', '2022-07-29');
INSERT INTO withdrawal (withdrawalid, user_userid, category_categoryid, amount, date) VALUES (854, '3', '2', '208.31', '2022-06-17');
INSERT INTO withdrawal (withdrawalid, user_userid, category_categoryid, amount, date) VALUES (855, '1', '2', '436.54', '2022-08-08');
INSERT INTO withdrawal (withdrawalid, user_userid, category_categoryid, amount, date) VALUES (856, '0', '1', '218.91', '2022-06-28');
INSERT INTO withdrawal (withdrawalid, user_userid, category_categoryid, amount, date) VALUES (857, '1', '0', '965.88', '2022-05-30');
INSERT INTO withdrawal (withdrawalid, user_userid, category_categoryid, amount, date) VALUES (858, '2', '0', '557.35', '2022-07-31');
INSERT INTO withdrawal (withdrawalid, user_userid, category_categoryid, amount, date) VALUES (859, '1', '2', '156.69', '2022-08-09');
INSERT INTO withdrawal (withdrawalid, user_userid, category_categoryid, amount, date) VALUES (860, '2', '2', '299.1', '2022-07-29');
INSERT INTO withdrawal (withdrawalid, user_userid, category_categoryid, amount, date) VALUES (861, '2', '0', '1104.02', '2022-05-25');
INSERT INTO withdrawal (withdrawalid, user_userid, category_categoryid, amount, date) VALUES (862, '2', '1', '508.24', '2022-07-24');
INSERT INTO withdrawal (withdrawalid, user_userid, category_categoryid, amount, date) VALUES (863, '0', '0', '1106.68', '2022-08-05');
INSERT INTO withdrawal (withdrawalid, user_userid, category_categoryid, amount, date) VALUES (864, '0', '2', '1195.43', '2022-07-22');
INSERT INTO withdrawal (withdrawalid, user_userid, category_categoryid, amount, date) VALUES (865, '3', '1', '772.31', '2022-06-06');
INSERT INTO withdrawal (withdrawalid, user_userid, category_categoryid, amount, date) VALUES (866, '0', '0', '591.39', '2022-07-11');
INSERT INTO withdrawal (withdrawalid, user_userid, category_categoryid, amount, date) VALUES (867, '1', '0', '904.5', '2022-07-29');
INSERT INTO withdrawal (withdrawalid, user_userid, category_categoryid, amount, date) VALUES (868, '1', '1', '245.34', '2022-06-06');
INSERT INTO withdrawal (withdrawalid, user_userid, category_categoryid, amount, date) VALUES (869, '2', '2', '248.87', '2022-07-02');
INSERT INTO withdrawal (withdrawalid, user_userid, category_categoryid, amount, date) VALUES (870, '3', '0', '1068.07', '2022-07-09');
INSERT INTO withdrawal (withdrawalid, user_userid, category_categoryid, amount, date) VALUES (871, '3', '2', '1078.73', '2022-07-10');
INSERT INTO withdrawal (withdrawalid, user_userid, category_categoryid, amount, date) VALUES (872, '1', '1', '720.47', '2022-06-02');
INSERT INTO withdrawal (withdrawalid, user_userid, category_categoryid, amount, date) VALUES (873, '0', '0', '941.66', '2022-06-07');
INSERT INTO withdrawal (withdrawalid, user_userid, category_categoryid, amount, date) VALUES (874, '1', '0', '853.6', '2022-07-04');
INSERT INTO withdrawal (withdrawalid, user_userid, category_categoryid, amount, date) VALUES (875, '0', '1', '1030.55', '2022-05-27');
INSERT INTO withdrawal (withdrawalid, user_userid, category_categoryid, amount, date) VALUES (876, '2', '0', '678.92', '2022-07-26');
INSERT INTO withdrawal (withdrawalid, user_userid, category_categoryid, amount, date) VALUES (877, '3', '0', '819.92', '2022-07-28');
INSERT INTO withdrawal (withdrawalid, user_userid, category_categoryid, amount, date) VALUES (878, '0', '0', '652.06', '2022-06-07');
INSERT INTO withdrawal (withdrawalid, user_userid, category_categoryid, amount, date) VALUES (879, '3', '1', '896.8', '2022-07-30');
INSERT INTO withdrawal (withdrawalid, user_userid, category_categoryid, amount, date) VALUES (880, '0', '0', '1199.21', '2022-07-11');
INSERT INTO withdrawal (withdrawalid, user_userid, category_categoryid, amount, date) VALUES (881, '0', '0', '957.12', '2022-07-25');
INSERT INTO withdrawal (withdrawalid, user_userid, category_categoryid, amount, date) VALUES (882, '1', '0', '1154.21', '2022-07-10');
INSERT INTO withdrawal (withdrawalid, user_userid, category_categoryid, amount, date) VALUES (883, '1', '2', '761.4', '2022-06-02');
INSERT INTO withdrawal (withdrawalid, user_userid, category_categoryid, amount, date) VALUES (884, '0', '2', '273.29', '2022-07-12');
INSERT INTO withdrawal (withdrawalid, user_userid, category_categoryid, amount, date) VALUES (885, '0', '0', '684.76', '2022-07-18');
INSERT INTO withdrawal (withdrawalid, user_userid, category_categoryid, amount, date) VALUES (886, '3', '1', '955.85', '2022-06-24');
INSERT INTO withdrawal (withdrawalid, user_userid, category_categoryid, amount, date) VALUES (887, '2', '1', '641.5', '2022-05-30');
INSERT INTO withdrawal (withdrawalid, user_userid, category_categoryid, amount, date) VALUES (888, '2', '1', '567.38', '2022-05-15');
INSERT INTO withdrawal (withdrawalid, user_userid, category_categoryid, amount, date) VALUES (889, '1', '1', '275.48', '2022-07-03');
INSERT INTO withdrawal (withdrawalid, user_userid, category_categoryid, amount, date) VALUES (890, '0', '2', '783.86', '2022-07-10');
INSERT INTO withdrawal (withdrawalid, user_userid, category_categoryid, amount, date) VALUES (891, '0', '2', '812.8', '2022-07-28');
INSERT INTO withdrawal (withdrawalid, user_userid, category_categoryid, amount, date) VALUES (892, '2', '1', '506.85', '2022-06-27');
INSERT INTO withdrawal (withdrawalid, user_userid, category_categoryid, amount, date) VALUES (893, '0', '0', '768.07', '2022-07-11');
INSERT INTO withdrawal (withdrawalid, user_userid, category_categoryid, amount, date) VALUES (894, '3', '1', '223.78', '2022-07-26');
INSERT INTO withdrawal (withdrawalid, user_userid, category_categoryid, amount, date) VALUES (895, '3', '2', '784.95', '2022-06-26');
INSERT INTO withdrawal (withdrawalid, user_userid, category_categoryid, amount, date) VALUES (896, '3', '2', '121.78', '2022-08-15');
INSERT INTO withdrawal (withdrawalid, user_userid, category_categoryid, amount, date) VALUES (897, '3', '1', '831.29', '2022-05-17');
INSERT INTO withdrawal (withdrawalid, user_userid, category_categoryid, amount, date) VALUES (898, '3', '2', '971.48', '2022-07-27');
INSERT INTO withdrawal (withdrawalid, user_userid, category_categoryid, amount, date) VALUES (899, '1', '0', '563.04', '2022-07-21');
INSERT INTO withdrawal (withdrawalid, user_userid, category_categoryid, amount, date) VALUES (900, '0', '1', '1106.46', '2022-07-01');
INSERT INTO withdrawal (withdrawalid, user_userid, category_categoryid, amount, date) VALUES (901, '3', '1', '514.26', '2022-06-08');
INSERT INTO withdrawal (withdrawalid, user_userid, category_categoryid, amount, date) VALUES (902, '1', '2', '886.48', '2022-07-19');
INSERT INTO withdrawal (withdrawalid, user_userid, category_categoryid, amount, date) VALUES (903, '3', '2', '369.38', '2022-06-22');
INSERT INTO withdrawal (withdrawalid, user_userid, category_categoryid, amount, date) VALUES (904, '0', '0', '423.84', '2022-07-12');
INSERT INTO withdrawal (withdrawalid, user_userid, category_categoryid, amount, date) VALUES (905, '1', '0', '1146.54', '2022-06-14');
INSERT INTO withdrawal (withdrawalid, user_userid, category_categoryid, amount, date) VALUES (906, '2', '2', '467.39', '2022-05-26');
INSERT INTO withdrawal (withdrawalid, user_userid, category_categoryid, amount, date) VALUES (907, '3', '1', '715.04', '2022-08-08');
INSERT INTO withdrawal (withdrawalid, user_userid, category_categoryid, amount, date) VALUES (908, '0', '2', '923.5', '2022-07-02');
INSERT INTO withdrawal (withdrawalid, user_userid, category_categoryid, amount, date) VALUES (909, '3', '1', '658.49', '2022-07-22');
INSERT INTO withdrawal (withdrawalid, user_userid, category_categoryid, amount, date) VALUES (910, '2', '1', '942.68', '2022-06-15');
INSERT INTO withdrawal (withdrawalid, user_userid, category_categoryid, amount, date) VALUES (911, '2', '1', '714.68', '2022-05-15');
INSERT INTO withdrawal (withdrawalid, user_userid, category_categoryid, amount, date) VALUES (912, '1', '1', '473.71', '2022-06-11');
INSERT INTO withdrawal (withdrawalid, user_userid, category_categoryid, amount, date) VALUES (913, '1', '2', '518.87', '2022-06-16');
INSERT INTO withdrawal (withdrawalid, user_userid, category_categoryid, amount, date) VALUES (914, '1', '0', '698.1', '2022-06-24');
INSERT INTO withdrawal (withdrawalid, user_userid, category_categoryid, amount, date) VALUES (915, '0', '0', '887.45', '2022-06-13');
INSERT INTO withdrawal (withdrawalid, user_userid, category_categoryid, amount, date) VALUES (916, '0', '1', '1093.79', '2022-07-06');
INSERT INTO withdrawal (withdrawalid, user_userid, category_categoryid, amount, date) VALUES (917, '2', '2', '588.5', '2022-08-03');
INSERT INTO withdrawal (withdrawalid, user_userid, category_categoryid, amount, date) VALUES (918, '3', '2', '345.33', '2022-05-23');
INSERT INTO withdrawal (withdrawalid, user_userid, category_categoryid, amount, date) VALUES (919, '1', '0', '877.26', '2022-08-15');
INSERT INTO withdrawal (withdrawalid, user_userid, category_categoryid, amount, date) VALUES (920, '0', '1', '440.44', '2022-05-30');
INSERT INTO withdrawal (withdrawalid, user_userid, category_categoryid, amount, date) VALUES (921, '1', '0', '247.53', '2022-07-31');
INSERT INTO withdrawal (withdrawalid, user_userid, category_categoryid, amount, date) VALUES (922, '3', '2', '272.1', '2022-05-09');
INSERT INTO withdrawal (withdrawalid, user_userid, category_categoryid, amount, date) VALUES (923, '0', '0', '757.95', '2022-05-25');
INSERT INTO withdrawal (withdrawalid, user_userid, category_categoryid, amount, date) VALUES (924, '0', '1', '834.02', '2022-06-16');
INSERT INTO withdrawal (withdrawalid, user_userid, category_categoryid, amount, date) VALUES (925, '3', '1', '841.87', '2022-08-09');
INSERT INTO withdrawal (withdrawalid, user_userid, category_categoryid, amount, date) VALUES (926, '0', '1', '537.93', '2022-08-01');
INSERT INTO withdrawal (withdrawalid, user_userid, category_categoryid, amount, date) VALUES (927, '3', '1', '1006.57', '2022-07-20');
INSERT INTO withdrawal (withdrawalid, user_userid, category_categoryid, amount, date) VALUES (928, '3', '0', '1104.81', '2022-06-07');
INSERT INTO withdrawal (withdrawalid, user_userid, category_categoryid, amount, date) VALUES (929, '2', '2', '150.59', '2022-06-10');
INSERT INTO withdrawal (withdrawalid, user_userid, category_categoryid, amount, date) VALUES (930, '0', '1', '560.48', '2022-08-07');
INSERT INTO withdrawal (withdrawalid, user_userid, category_categoryid, amount, date) VALUES (931, '0', '0', '1155.69', '2022-05-23');
INSERT INTO withdrawal (withdrawalid, user_userid, category_categoryid, amount, date) VALUES (932, '3', '1', '778.98', '2022-08-12');
INSERT INTO withdrawal (withdrawalid, user_userid, category_categoryid, amount, date) VALUES (933, '1', '2', '164.34', '2022-07-17');
INSERT INTO withdrawal (withdrawalid, user_userid, category_categoryid, amount, date) VALUES (934, '2', '1', '894.0', '2022-06-01');
INSERT INTO withdrawal (withdrawalid, user_userid, category_categoryid, amount, date) VALUES (935, '1', '2', '991.81', '2022-05-15');
INSERT INTO withdrawal (withdrawalid, user_userid, category_categoryid, amount, date) VALUES (936, '1', '0', '710.2', '2022-05-17');
INSERT INTO withdrawal (withdrawalid, user_userid, category_categoryid, amount, date) VALUES (937, '2', '0', '668.35', '2022-06-18');
INSERT INTO withdrawal (withdrawalid, user_userid, category_categoryid, amount, date) VALUES (938, '3', '1', '226.0', '2022-06-30');
INSERT INTO withdrawal (withdrawalid, user_userid, category_categoryid, amount, date) VALUES (939, '2', '1', '1018.69', '2022-08-06');
INSERT INTO withdrawal (withdrawalid, user_userid, category_categoryid, amount, date) VALUES (940, '1', '1', '720.33', '2022-07-08');
INSERT INTO withdrawal (withdrawalid, user_userid, category_categoryid, amount, date) VALUES (941, '3', '1', '1016.13', '2022-05-24');
INSERT INTO withdrawal (withdrawalid, user_userid, category_categoryid, amount, date) VALUES (942, '0', '1', '572.08', '2022-06-07');
INSERT INTO withdrawal (withdrawalid, user_userid, category_categoryid, amount, date) VALUES (943, '3', '1', '1133.29', '2022-07-30');
INSERT INTO withdrawal (withdrawalid, user_userid, category_categoryid, amount, date) VALUES (944, '2', '0', '1133.75', '2022-07-20');
INSERT INTO withdrawal (withdrawalid, user_userid, category_categoryid, amount, date) VALUES (945, '0', '1', '420.1', '2022-05-17');
INSERT INTO withdrawal (withdrawalid, user_userid, category_categoryid, amount, date) VALUES (946, '0', '2', '991.84', '2022-07-27');
INSERT INTO withdrawal (withdrawalid, user_userid, category_categoryid, amount, date) VALUES (947, '2', '2', '983.48', '2022-05-20');
INSERT INTO withdrawal (withdrawalid, user_userid, category_categoryid, amount, date) VALUES (948, '0', '1', '854.87', '2022-07-22');
INSERT INTO withdrawal (withdrawalid, user_userid, category_categoryid, amount, date) VALUES (949, '1', '1', '711.02', '2022-05-27');
INSERT INTO withdrawal (withdrawalid, user_userid, category_categoryid, amount, date) VALUES (950, '3', '2', '534.31', '2022-07-01');
INSERT INTO withdrawal (withdrawalid, user_userid, category_categoryid, amount, date) VALUES (951, '1', '2', '939.11', '2022-06-09');
INSERT INTO withdrawal (withdrawalid, user_userid, category_categoryid, amount, date) VALUES (952, '0', '2', '762.32', '2022-05-26');
INSERT INTO withdrawal (withdrawalid, user_userid, category_categoryid, amount, date) VALUES (953, '1', '1', '461.61', '2022-07-09');
INSERT INTO withdrawal (withdrawalid, user_userid, category_categoryid, amount, date) VALUES (954, '1', '1', '1062.03', '2022-06-22');
INSERT INTO withdrawal (withdrawalid, user_userid, category_categoryid, amount, date) VALUES (955, '1', '1', '1100.03', '2022-08-04');
INSERT INTO withdrawal (withdrawalid, user_userid, category_categoryid, amount, date) VALUES (956, '1', '2', '274.54', '2022-08-15');
INSERT INTO withdrawal (withdrawalid, user_userid, category_categoryid, amount, date) VALUES (957, '0', '1', '258.72', '2022-05-17');
INSERT INTO withdrawal (withdrawalid, user_userid, category_categoryid, amount, date) VALUES (958, '1', '2', '623.69', '2022-05-25');
INSERT INTO withdrawal (withdrawalid, user_userid, category_categoryid, amount, date) VALUES (959, '0', '2', '522.11', '2022-07-06');
INSERT INTO withdrawal (withdrawalid, user_userid, category_categoryid, amount, date) VALUES (960, '2', '2', '1171.74', '2022-06-14');
INSERT INTO withdrawal (withdrawalid, user_userid, category_categoryid, amount, date) VALUES (961, '0', '1', '626.16', '2022-06-26');
INSERT INTO withdrawal (withdrawalid, user_userid, category_categoryid, amount, date) VALUES (962, '2', '0', '493.22', '2022-06-01');
INSERT INTO withdrawal (withdrawalid, user_userid, category_categoryid, amount, date) VALUES (963, '2', '1', '721.15', '2022-05-08');
INSERT INTO withdrawal (withdrawalid, user_userid, category_categoryid, amount, date) VALUES (964, '1', '2', '849.45', '2022-05-24');
INSERT INTO withdrawal (withdrawalid, user_userid, category_categoryid, amount, date) VALUES (965, '0', '1', '511.89', '2022-05-15');
INSERT INTO withdrawal (withdrawalid, user_userid, category_categoryid, amount, date) VALUES (966, '3', '1', '452.81', '2022-08-07');
INSERT INTO withdrawal (withdrawalid, user_userid, category_categoryid, amount, date) VALUES (967, '3', '2', '176.31', '2022-06-07');
INSERT INTO withdrawal (withdrawalid, user_userid, category_categoryid, amount, date) VALUES (968, '1', '2', '341.53', '2022-08-15');
INSERT INTO withdrawal (withdrawalid, user_userid, category_categoryid, amount, date) VALUES (969, '3', '0', '815.83', '2022-06-06');
INSERT INTO withdrawal (withdrawalid, user_userid, category_categoryid, amount, date) VALUES (970, '0', '1', '810.3', '2022-08-02');
INSERT INTO withdrawal (withdrawalid, user_userid, category_categoryid, amount, date) VALUES (971, '0', '2', '473.55', '2022-05-15');
INSERT INTO withdrawal (withdrawalid, user_userid, category_categoryid, amount, date) VALUES (972, '1', '1', '777.14', '2022-05-14');
INSERT INTO withdrawal (withdrawalid, user_userid, category_categoryid, amount, date) VALUES (973, '0', '2', '424.94', '2022-06-08');
INSERT INTO withdrawal (withdrawalid, user_userid, category_categoryid, amount, date) VALUES (974, '0', '0', '558.65', '2022-08-12');
INSERT INTO withdrawal (withdrawalid, user_userid, category_categoryid, amount, date) VALUES (975, '2', '2', '686.57', '2022-07-15');
INSERT INTO withdrawal (withdrawalid, user_userid, category_categoryid, amount, date) VALUES (976, '0', '2', '537.89', '2022-05-27');
INSERT INTO withdrawal (withdrawalid, user_userid, category_categoryid, amount, date) VALUES (977, '3', '0', '1066.88', '2022-07-19');
INSERT INTO withdrawal (withdrawalid, user_userid, category_categoryid, amount, date) VALUES (978, '3', '0', '1166.7', '2022-07-04');
INSERT INTO withdrawal (withdrawalid, user_userid, category_categoryid, amount, date) VALUES (979, '3', '2', '810.74', '2022-07-26');
INSERT INTO withdrawal (withdrawalid, user_userid, category_categoryid, amount, date) VALUES (980, '1', '2', '1038.07', '2022-06-16');
INSERT INTO withdrawal (withdrawalid, user_userid, category_categoryid, amount, date) VALUES (981, '3', '0', '104.01', '2022-05-26');
INSERT INTO withdrawal (withdrawalid, user_userid, category_categoryid, amount, date) VALUES (982, '3', '2', '207.05', '2022-07-31');
INSERT INTO withdrawal (withdrawalid, user_userid, category_categoryid, amount, date) VALUES (983, '3', '0', '922.69', '2022-07-11');
INSERT INTO withdrawal (withdrawalid, user_userid, category_categoryid, amount, date) VALUES (984, '3', '1', '856.35', '2022-06-04');
INSERT INTO withdrawal (withdrawalid, user_userid, category_categoryid, amount, date) VALUES (985, '3', '1', '455.48', '2022-08-12');
INSERT INTO withdrawal (withdrawalid, user_userid, category_categoryid, amount, date) VALUES (986, '0', '2', '939.0', '2022-08-15');
INSERT INTO withdrawal (withdrawalid, user_userid, category_categoryid, amount, date) VALUES (987, '3', '0', '752.24', '2022-08-11');
INSERT INTO withdrawal (withdrawalid, user_userid, category_categoryid, amount, date) VALUES (988, '0', '2', '754.57', '2022-08-13');
INSERT INTO withdrawal (withdrawalid, user_userid, category_categoryid, amount, date) VALUES (989, '0', '0', '145.08', '2022-07-22');
INSERT INTO withdrawal (withdrawalid, user_userid, category_categoryid, amount, date) VALUES (990, '1', '2', '766.59', '2022-06-05');
INSERT INTO withdrawal (withdrawalid, user_userid, category_categoryid, amount, date) VALUES (991, '2', '1', '600.53', '2022-05-24');
INSERT INTO withdrawal (withdrawalid, user_userid, category_categoryid, amount, date) VALUES (992, '2', '0', '540.84', '2022-06-28');
INSERT INTO withdrawal (withdrawalid, user_userid, category_categoryid, amount, date) VALUES (993, '2', '0', '499.15', '2022-07-27');
INSERT INTO withdrawal (withdrawalid, user_userid, category_categoryid, amount, date) VALUES (994, '0', '2', '155.14', '2022-07-28');
INSERT INTO withdrawal (withdrawalid, user_userid, category_categoryid, amount, date) VALUES (995, '3', '1', '507.29', '2022-06-02');
INSERT INTO withdrawal (withdrawalid, user_userid, category_categoryid, amount, date) VALUES (996, '3', '0', '340.39', '2022-06-07');
INSERT INTO withdrawal (withdrawalid, user_userid, category_categoryid, amount, date) VALUES (997, '3', '0', '984.48', '2022-05-23');
INSERT INTO withdrawal (withdrawalid, user_userid, category_categoryid, amount, date) VALUES (998, '3', '2', '434.43', '2022-06-30');
INSERT INTO withdrawal (withdrawalid, user_userid, category_categoryid, amount, date) VALUES (999, '1', '0', '963.83', '2022-06-19');
INSERT INTO deposit (depositid, user_userid, category_categoryid, amount, date) VALUES (0, '1', '3', '272.94', '2022-05-31');
INSERT INTO deposit (depositid, user_userid, category_categoryid, amount, date) VALUES (1, '3', '3', '390.93', '2022-07-20');
INSERT INTO deposit (depositid, user_userid, category_categoryid, amount, date) VALUES (2, '2', '3', '458.04', '2022-06-24');
INSERT INTO deposit (depositid, user_userid, category_categoryid, amount, date) VALUES (3, '1', '3', '368.17', '2022-06-05');
INSERT INTO deposit (depositid, user_userid, category_categoryid, amount, date) VALUES (4, '0', '3', '184.09', '2022-07-16');
INSERT INTO deposit (depositid, user_userid, category_categoryid, amount, date) VALUES (5, '2', '3', '290.95', '2022-08-08');
INSERT INTO deposit (depositid, user_userid, category_categoryid, amount, date) VALUES (6, '1', '3', '453.62', '2022-07-19');
INSERT INTO deposit (depositid, user_userid, category_categoryid, amount, date) VALUES (7, '3', '3', '273.71', '2022-07-30');
INSERT INTO deposit (depositid, user_userid, category_categoryid, amount, date) VALUES (8, '1', '3', '262.87', '2022-07-12');
INSERT INTO deposit (depositid, user_userid, category_categoryid, amount, date) VALUES (9, '1', '3', '116.49', '2022-07-26');
INSERT INTO deposit (depositid, user_userid, category_categoryid, amount, date) VALUES (10, '3', '3', '170.0', '2022-07-21');
INSERT INTO deposit (depositid, user_userid, category_categoryid, amount, date) VALUES (11, '1', '3', '137.52', '2022-06-10');
INSERT INTO deposit (depositid, user_userid, category_categoryid, amount, date) VALUES (12, '3', '3', '175.04', '2022-05-26');
INSERT INTO deposit (depositid, user_userid, category_categoryid, amount, date) VALUES (13, '1', '3', '171.81', '2022-05-31');
INSERT INTO deposit (depositid, user_userid, category_categoryid, amount, date) VALUES (14, '0', '3', '109.63', '2022-06-09');
INSERT INTO deposit (depositid, user_userid, category_categoryid, amount, date) VALUES (15, '2', '3', '225.78', '2022-05-12');
INSERT INTO deposit (depositid, user_userid, category_categoryid, amount, date) VALUES (16, '1', '3', '423.34', '2022-05-17');
INSERT INTO deposit (depositid, user_userid, category_categoryid, amount, date) VALUES (17, '0', '3', '207.4', '2022-05-16');
INSERT INTO deposit (depositid, user_userid, category_categoryid, amount, date) VALUES (18, '2', '3', '497.38', '2022-06-03');
INSERT INTO deposit (depositid, user_userid, category_categoryid, amount, date) VALUES (19, '1', '3', '291.55', '2022-05-14');
INSERT INTO deposit (depositid, user_userid, category_categoryid, amount, date) VALUES (20, '1', '3', '185.45', '2022-07-01');
INSERT INTO deposit (depositid, user_userid, category_categoryid, amount, date) VALUES (21, '3', '3', '163.26', '2022-06-13');
INSERT INTO deposit (depositid, user_userid, category_categoryid, amount, date) VALUES (22, '3', '3', '153.55', '2022-06-30');
INSERT INTO deposit (depositid, user_userid, category_categoryid, amount, date) VALUES (23, '1', '3', '251.47', '2022-06-18');
INSERT INTO deposit (depositid, user_userid, category_categoryid, amount, date) VALUES (24, '1', '3', '323.75', '2022-07-11');
INSERT INTO deposit (depositid, user_userid, category_categoryid, amount, date) VALUES (25, '2', '3', '164.18', '2022-07-04');
INSERT INTO deposit (depositid, user_userid, category_categoryid, amount, date) VALUES (26, '1', '3', '166.66', '2022-05-20');
INSERT INTO deposit (depositid, user_userid, category_categoryid, amount, date) VALUES (27, '2', '3', '120.44', '2022-07-29');
INSERT INTO deposit (depositid, user_userid, category_categoryid, amount, date) VALUES (28, '1', '3', '322.85', '2022-06-24');
INSERT INTO deposit (depositid, user_userid, category_categoryid, amount, date) VALUES (29, '1', '3', '463.89', '2022-05-30');
INSERT INTO deposit (depositid, user_userid, category_categoryid, amount, date) VALUES (30, '0', '3', '139.34', '2022-06-29');
INSERT INTO deposit (depositid, user_userid, category_categoryid, amount, date) VALUES (31, '3', '3', '151.04', '2022-07-10');
INSERT INTO deposit (depositid, user_userid, category_categoryid, amount, date) VALUES (32, '2', '3', '470.6', '2022-05-27');
INSERT INTO deposit (depositid, user_userid, category_categoryid, amount, date) VALUES (33, '0', '3', '104.85', '2022-06-16');
INSERT INTO deposit (depositid, user_userid, category_categoryid, amount, date) VALUES (34, '0', '3', '408.48', '2022-07-15');
INSERT INTO deposit (depositid, user_userid, category_categoryid, amount, date) VALUES (35, '1', '3', '468.52', '2022-07-19');
INSERT INTO deposit (depositid, user_userid, category_categoryid, amount, date) VALUES (36, '2', '3', '456.03', '2022-07-19');
INSERT INTO deposit (depositid, user_userid, category_categoryid, amount, date) VALUES (37, '2', '3', '445.7', '2022-07-24');
INSERT INTO deposit (depositid, user_userid, category_categoryid, amount, date) VALUES (38, '2', '3', '306.31', '2022-07-08');
INSERT INTO deposit (depositid, user_userid, category_categoryid, amount, date) VALUES (39, '0', '3', '103.37', '2022-07-16');
INSERT INTO deposit (depositid, user_userid, category_categoryid, amount, date) VALUES (40, '3', '3', '458.52', '2022-06-02');
INSERT INTO deposit (depositid, user_userid, category_categoryid, amount, date) VALUES (41, '3', '3', '128.07', '2022-06-02');
INSERT INTO deposit (depositid, user_userid, category_categoryid, amount, date) VALUES (42, '2', '3', '104.45', '2022-05-31');
INSERT INTO deposit (depositid, user_userid, category_categoryid, amount, date) VALUES (43, '2', '3', '482.64', '2022-07-20');
INSERT INTO deposit (depositid, user_userid, category_categoryid, amount, date) VALUES (44, '1', '3', '496.25', '2022-07-20');
INSERT INTO deposit (depositid, user_userid, category_categoryid, amount, date) VALUES (45, '3', '3', '126.92', '2022-06-26');
INSERT INTO deposit (depositid, user_userid, category_categoryid, amount, date) VALUES (46, '2', '3', '213.66', '2022-07-27');
INSERT INTO deposit (depositid, user_userid, category_categoryid, amount, date) VALUES (47, '3', '3', '365.73', '2022-08-05');
INSERT INTO deposit (depositid, user_userid, category_categoryid, amount, date) VALUES (48, '3', '3', '461.05', '2022-06-03');
INSERT INTO deposit (depositid, user_userid, category_categoryid, amount, date) VALUES (49, '0', '3', '238.68', '2022-05-26');
INSERT INTO deposit (depositid, user_userid, category_categoryid, amount, date) VALUES (50, '2', '3', '312.25', '2022-07-31');
INSERT INTO deposit (depositid, user_userid, category_categoryid, amount, date) VALUES (51, '1', '3', '387.15', '2022-07-29');
INSERT INTO deposit (depositid, user_userid, category_categoryid, amount, date) VALUES (52, '2', '3', '337.89', '2022-06-06');
INSERT INTO deposit (depositid, user_userid, category_categoryid, amount, date) VALUES (53, '0', '3', '408.98', '2022-06-02');
INSERT INTO deposit (depositid, user_userid, category_categoryid, amount, date) VALUES (54, '1', '3', '238.02', '2022-05-19');
INSERT INTO deposit (depositid, user_userid, category_categoryid, amount, date) VALUES (55, '3', '3', '189.48', '2022-07-16');
INSERT INTO deposit (depositid, user_userid, category_categoryid, amount, date) VALUES (56, '0', '3', '299.19', '2022-07-06');
INSERT INTO deposit (depositid, user_userid, category_categoryid, amount, date) VALUES (57, '2', '3', '380.91', '2022-08-14');
INSERT INTO deposit (depositid, user_userid, category_categoryid, amount, date) VALUES (58, '2', '3', '133.75', '2022-07-04');
INSERT INTO deposit (depositid, user_userid, category_categoryid, amount, date) VALUES (59, '3', '3', '471.07', '2022-07-27');
INSERT INTO deposit (depositid, user_userid, category_categoryid, amount, date) VALUES (60, '3', '3', '439.09', '2022-06-19');
INSERT INTO deposit (depositid, user_userid, category_categoryid, amount, date) VALUES (61, '3', '3', '101.47', '2022-07-15');
INSERT INTO deposit (depositid, user_userid, category_categoryid, amount, date) VALUES (62, '3', '3', '346.28', '2022-05-22');
INSERT INTO deposit (depositid, user_userid, category_categoryid, amount, date) VALUES (63, '3', '3', '144.11', '2022-05-20');
INSERT INTO deposit (depositid, user_userid, category_categoryid, amount, date) VALUES (64, '1', '3', '263.85', '2022-05-20');
INSERT INTO deposit (depositid, user_userid, category_categoryid, amount, date) VALUES (65, '2', '3', '356.94', '2022-05-13');
INSERT INTO deposit (depositid, user_userid, category_categoryid, amount, date) VALUES (66, '2', '3', '473.59', '2022-06-16');
INSERT INTO deposit (depositid, user_userid, category_categoryid, amount, date) VALUES (67, '3', '3', '492.08', '2022-07-11');
INSERT INTO deposit (depositid, user_userid, category_categoryid, amount, date) VALUES (68, '1', '3', '499.53', '2022-05-12');
INSERT INTO deposit (depositid, user_userid, category_categoryid, amount, date) VALUES (69, '0', '3', '431.91', '2022-07-03');
INSERT INTO deposit (depositid, user_userid, category_categoryid, amount, date) VALUES (70, '1', '3', '460.33', '2022-06-09');
INSERT INTO deposit (depositid, user_userid, category_categoryid, amount, date) VALUES (71, '2', '3', '208.92', '2022-05-20');
INSERT INTO deposit (depositid, user_userid, category_categoryid, amount, date) VALUES (72, '3', '3', '215.01', '2022-07-20');
INSERT INTO deposit (depositid, user_userid, category_categoryid, amount, date) VALUES (73, '2', '3', '394.02', '2022-07-04');
INSERT INTO deposit (depositid, user_userid, category_categoryid, amount, date) VALUES (74, '3', '3', '438.18', '2022-06-02');
INSERT INTO deposit (depositid, user_userid, category_categoryid, amount, date) VALUES (75, '3', '3', '140.25', '2022-07-18');
INSERT INTO deposit (depositid, user_userid, category_categoryid, amount, date) VALUES (76, '1', '3', '222.86', '2022-05-25');
INSERT INTO deposit (depositid, user_userid, category_categoryid, amount, date) VALUES (77, '1', '3', '444.49', '2022-05-18');
INSERT INTO deposit (depositid, user_userid, category_categoryid, amount, date) VALUES (78, '0', '3', '336.01', '2022-05-21');
INSERT INTO deposit (depositid, user_userid, category_categoryid, amount, date) VALUES (79, '2', '3', '390.77', '2022-05-09');
INSERT INTO deposit (depositid, user_userid, category_categoryid, amount, date) VALUES (80, '1', '3', '322.25', '2022-05-19');
INSERT INTO deposit (depositid, user_userid, category_categoryid, amount, date) VALUES (81, '2', '3', '471.92', '2022-05-19');
INSERT INTO deposit (depositid, user_userid, category_categoryid, amount, date) VALUES (82, '0', '3', '444.13', '2022-07-10');
INSERT INTO deposit (depositid, user_userid, category_categoryid, amount, date) VALUES (83, '1', '3', '168.12', '2022-06-18');
INSERT INTO deposit (depositid, user_userid, category_categoryid, amount, date) VALUES (84, '2', '3', '318.28', '2022-06-13');
INSERT INTO deposit (depositid, user_userid, category_categoryid, amount, date) VALUES (85, '3', '3', '485.94', '2022-07-07');
INSERT INTO deposit (depositid, user_userid, category_categoryid, amount, date) VALUES (86, '2', '3', '448.94', '2022-06-07');
INSERT INTO deposit (depositid, user_userid, category_categoryid, amount, date) VALUES (87, '3', '3', '159.39', '2022-06-01');
INSERT INTO deposit (depositid, user_userid, category_categoryid, amount, date) VALUES (88, '0', '3', '391.51', '2022-07-11');
INSERT INTO deposit (depositid, user_userid, category_categoryid, amount, date) VALUES (89, '3', '3', '463.48', '2022-07-25');
INSERT INTO deposit (depositid, user_userid, category_categoryid, amount, date) VALUES (90, '2', '3', '176.48', '2022-07-07');
INSERT INTO deposit (depositid, user_userid, category_categoryid, amount, date) VALUES (91, '1', '3', '174.87', '2022-06-07');
INSERT INTO deposit (depositid, user_userid, category_categoryid, amount, date) VALUES (92, '0', '3', '302.18', '2022-06-13');
INSERT INTO deposit (depositid, user_userid, category_categoryid, amount, date) VALUES (93, '2', '3', '353.27', '2022-07-02');
INSERT INTO deposit (depositid, user_userid, category_categoryid, amount, date) VALUES (94, '0', '3', '100.7', '2022-06-14');
INSERT INTO deposit (depositid, user_userid, category_categoryid, amount, date) VALUES (95, '3', '3', '465.52', '2022-06-27');
INSERT INTO deposit (depositid, user_userid, category_categoryid, amount, date) VALUES (96, '3', '3', '110.34', '2022-05-13');
INSERT INTO deposit (depositid, user_userid, category_categoryid, amount, date) VALUES (97, '2', '3', '356.79', '2022-06-30');
INSERT INTO deposit (depositid, user_userid, category_categoryid, amount, date) VALUES (98, '3', '3', '431.55', '2022-05-24');
INSERT INTO deposit (depositid, user_userid, category_categoryid, amount, date) VALUES (99, '1', '3', '143.24', '2022-07-15');
INSERT INTO deposit (depositid, user_userid, category_categoryid, amount, date) VALUES (100, '0', '3', '312.65', '2022-07-08');
INSERT INTO deposit (depositid, user_userid, category_categoryid, amount, date) VALUES (101, '0', '3', '138.56', '2022-05-15');
INSERT INTO deposit (depositid, user_userid, category_categoryid, amount, date) VALUES (102, '1', '3', '352.5', '2022-07-14');
INSERT INTO deposit (depositid, user_userid, category_categoryid, amount, date) VALUES (103, '2', '3', '483.43', '2022-06-01');
INSERT INTO deposit (depositid, user_userid, category_categoryid, amount, date) VALUES (104, '0', '3', '474.06', '2022-08-12');
INSERT INTO deposit (depositid, user_userid, category_categoryid, amount, date) VALUES (105, '3', '3', '210.76', '2022-08-08');
INSERT INTO deposit (depositid, user_userid, category_categoryid, amount, date) VALUES (106, '1', '3', '201.34', '2022-07-31');
INSERT INTO deposit (depositid, user_userid, category_categoryid, amount, date) VALUES (107, '0', '3', '408.08', '2022-08-05');
INSERT INTO deposit (depositid, user_userid, category_categoryid, amount, date) VALUES (108, '1', '3', '419.14', '2022-07-18');
INSERT INTO deposit (depositid, user_userid, category_categoryid, amount, date) VALUES (109, '1', '3', '167.24', '2022-07-17');
INSERT INTO deposit (depositid, user_userid, category_categoryid, amount, date) VALUES (110, '3', '3', '410.7', '2022-07-01');
INSERT INTO deposit (depositid, user_userid, category_categoryid, amount, date) VALUES (111, '0', '3', '271.22', '2022-05-18');
INSERT INTO deposit (depositid, user_userid, category_categoryid, amount, date) VALUES (112, '1', '3', '329.6', '2022-07-15');
INSERT INTO deposit (depositid, user_userid, category_categoryid, amount, date) VALUES (113, '1', '3', '267.31', '2022-08-16');
INSERT INTO deposit (depositid, user_userid, category_categoryid, amount, date) VALUES (114, '2', '3', '314.8', '2022-08-10');
INSERT INTO deposit (depositid, user_userid, category_categoryid, amount, date) VALUES (115, '1', '3', '343.33', '2022-07-01');
INSERT INTO deposit (depositid, user_userid, category_categoryid, amount, date) VALUES (116, '2', '3', '287.38', '2022-08-04');
INSERT INTO deposit (depositid, user_userid, category_categoryid, amount, date) VALUES (117, '1', '3', '179.01', '2022-07-06');
INSERT INTO deposit (depositid, user_userid, category_categoryid, amount, date) VALUES (118, '3', '3', '129.22', '2022-05-17');
INSERT INTO deposit (depositid, user_userid, category_categoryid, amount, date) VALUES (119, '1', '3', '372.95', '2022-06-23');
INSERT INTO deposit (depositid, user_userid, category_categoryid, amount, date) VALUES (120, '3', '3', '350.12', '2022-08-15');
INSERT INTO deposit (depositid, user_userid, category_categoryid, amount, date) VALUES (121, '2', '3', '110.46', '2022-06-27');
INSERT INTO deposit (depositid, user_userid, category_categoryid, amount, date) VALUES (122, '1', '3', '326.59', '2022-05-24');
INSERT INTO deposit (depositid, user_userid, category_categoryid, amount, date) VALUES (123, '1', '3', '389.86', '2022-06-11');
INSERT INTO deposit (depositid, user_userid, category_categoryid, amount, date) VALUES (124, '0', '3', '294.74', '2022-05-14');
INSERT INTO deposit (depositid, user_userid, category_categoryid, amount, date) VALUES (125, '2', '3', '348.87', '2022-06-02');
INSERT INTO deposit (depositid, user_userid, category_categoryid, amount, date) VALUES (126, '2', '3', '328.97', '2022-06-24');
INSERT INTO deposit (depositid, user_userid, category_categoryid, amount, date) VALUES (127, '2', '3', '133.99', '2022-05-27');
INSERT INTO deposit (depositid, user_userid, category_categoryid, amount, date) VALUES (128, '1', '3', '497.94', '2022-07-07');
INSERT INTO deposit (depositid, user_userid, category_categoryid, amount, date) VALUES (129, '1', '3', '321.11', '2022-05-13');
INSERT INTO deposit (depositid, user_userid, category_categoryid, amount, date) VALUES (130, '0', '3', '211.23', '2022-08-05');
INSERT INTO deposit (depositid, user_userid, category_categoryid, amount, date) VALUES (131, '0', '3', '468.08', '2022-06-11');
INSERT INTO deposit (depositid, user_userid, category_categoryid, amount, date) VALUES (132, '3', '3', '421.76', '2022-05-21');
INSERT INTO deposit (depositid, user_userid, category_categoryid, amount, date) VALUES (133, '2', '3', '286.95', '2022-07-09');
INSERT INTO deposit (depositid, user_userid, category_categoryid, amount, date) VALUES (134, '2', '3', '209.2', '2022-06-19');
INSERT INTO deposit (depositid, user_userid, category_categoryid, amount, date) VALUES (135, '3', '3', '476.64', '2022-05-10');
INSERT INTO deposit (depositid, user_userid, category_categoryid, amount, date) VALUES (136, '2', '3', '253.01', '2022-06-14');
INSERT INTO deposit (depositid, user_userid, category_categoryid, amount, date) VALUES (137, '1', '3', '467.32', '2022-06-10');
INSERT INTO deposit (depositid, user_userid, category_categoryid, amount, date) VALUES (138, '3', '3', '254.77', '2022-06-29');
INSERT INTO deposit (depositid, user_userid, category_categoryid, amount, date) VALUES (139, '1', '3', '439.13', '2022-07-31');
INSERT INTO deposit (depositid, user_userid, category_categoryid, amount, date) VALUES (140, '0', '3', '146.35', '2022-07-23');
INSERT INTO deposit (depositid, user_userid, category_categoryid, amount, date) VALUES (141, '1', '3', '179.04', '2022-05-25');
INSERT INTO deposit (depositid, user_userid, category_categoryid, amount, date) VALUES (142, '3', '3', '160.66', '2022-05-21');
INSERT INTO deposit (depositid, user_userid, category_categoryid, amount, date) VALUES (143, '1', '3', '306.97', '2022-05-15');
INSERT INTO deposit (depositid, user_userid, category_categoryid, amount, date) VALUES (144, '3', '3', '260.7', '2022-06-05');
INSERT INTO deposit (depositid, user_userid, category_categoryid, amount, date) VALUES (145, '1', '3', '264.58', '2022-07-18');
INSERT INTO deposit (depositid, user_userid, category_categoryid, amount, date) VALUES (146, '2', '3', '203.09', '2022-08-01');
INSERT INTO deposit (depositid, user_userid, category_categoryid, amount, date) VALUES (147, '2', '3', '356.89', '2022-07-13');
INSERT INTO deposit (depositid, user_userid, category_categoryid, amount, date) VALUES (148, '0', '3', '458.11', '2022-06-27');
INSERT INTO deposit (depositid, user_userid, category_categoryid, amount, date) VALUES (149, '2', '3', '334.25', '2022-07-04');
INSERT INTO deposit (depositid, user_userid, category_categoryid, amount, date) VALUES (150, '2', '3', '102.96', '2022-05-13');
INSERT INTO deposit (depositid, user_userid, category_categoryid, amount, date) VALUES (151, '1', '3', '492.1', '2022-07-20');
INSERT INTO deposit (depositid, user_userid, category_categoryid, amount, date) VALUES (152, '0', '3', '481.0', '2022-06-06');
INSERT INTO deposit (depositid, user_userid, category_categoryid, amount, date) VALUES (153, '0', '3', '188.74', '2022-05-19');
INSERT INTO deposit (depositid, user_userid, category_categoryid, amount, date) VALUES (154, '1', '3', '107.15', '2022-07-13');
INSERT INTO deposit (depositid, user_userid, category_categoryid, amount, date) VALUES (155, '0', '3', '492.53', '2022-07-11');
INSERT INTO deposit (depositid, user_userid, category_categoryid, amount, date) VALUES (156, '3', '3', '328.84', '2022-05-20');
INSERT INTO deposit (depositid, user_userid, category_categoryid, amount, date) VALUES (157, '3', '3', '139.92', '2022-08-01');
INSERT INTO deposit (depositid, user_userid, category_categoryid, amount, date) VALUES (158, '1', '3', '485.48', '2022-05-31');
INSERT INTO deposit (depositid, user_userid, category_categoryid, amount, date) VALUES (159, '1', '3', '475.3', '2022-06-25');
INSERT INTO deposit (depositid, user_userid, category_categoryid, amount, date) VALUES (160, '2', '3', '105.65', '2022-07-02');
INSERT INTO deposit (depositid, user_userid, category_categoryid, amount, date) VALUES (161, '1', '3', '370.54', '2022-08-08');
INSERT INTO deposit (depositid, user_userid, category_categoryid, amount, date) VALUES (162, '3', '3', '443.28', '2022-05-12');
INSERT INTO deposit (depositid, user_userid, category_categoryid, amount, date) VALUES (163, '0', '3', '200.03', '2022-07-19');
INSERT INTO deposit (depositid, user_userid, category_categoryid, amount, date) VALUES (164, '3', '3', '145.62', '2022-07-11');
INSERT INTO deposit (depositid, user_userid, category_categoryid, amount, date) VALUES (165, '3', '3', '317.12', '2022-06-08');
INSERT INTO deposit (depositid, user_userid, category_categoryid, amount, date) VALUES (166, '1', '3', '210.38', '2022-08-12');
INSERT INTO deposit (depositid, user_userid, category_categoryid, amount, date) VALUES (167, '0', '3', '328.82', '2022-08-14');
INSERT INTO deposit (depositid, user_userid, category_categoryid, amount, date) VALUES (168, '0', '3', '101.35', '2022-05-09');
INSERT INTO deposit (depositid, user_userid, category_categoryid, amount, date) VALUES (169, '1', '3', '464.25', '2022-05-26');
INSERT INTO deposit (depositid, user_userid, category_categoryid, amount, date) VALUES (170, '3', '3', '201.7', '2022-06-20');
INSERT INTO deposit (depositid, user_userid, category_categoryid, amount, date) VALUES (171, '3', '3', '419.58', '2022-07-28');
INSERT INTO deposit (depositid, user_userid, category_categoryid, amount, date) VALUES (172, '1', '3', '406.82', '2022-06-27');
INSERT INTO deposit (depositid, user_userid, category_categoryid, amount, date) VALUES (173, '2', '3', '384.19', '2022-05-21');
INSERT INTO deposit (depositid, user_userid, category_categoryid, amount, date) VALUES (174, '2', '3', '250.43', '2022-07-14');
INSERT INTO deposit (depositid, user_userid, category_categoryid, amount, date) VALUES (175, '1', '3', '229.63', '2022-06-25');
INSERT INTO deposit (depositid, user_userid, category_categoryid, amount, date) VALUES (176, '2', '3', '170.83', '2022-05-14');
INSERT INTO deposit (depositid, user_userid, category_categoryid, amount, date) VALUES (177, '2', '3', '452.25', '2022-06-27');
INSERT INTO deposit (depositid, user_userid, category_categoryid, amount, date) VALUES (178, '2', '3', '183.77', '2022-07-03');
INSERT INTO deposit (depositid, user_userid, category_categoryid, amount, date) VALUES (179, '3', '3', '392.09', '2022-05-25');
INSERT INTO deposit (depositid, user_userid, category_categoryid, amount, date) VALUES (180, '0', '3', '188.7', '2022-07-01');
INSERT INTO deposit (depositid, user_userid, category_categoryid, amount, date) VALUES (181, '2', '3', '424.28', '2022-06-26');
INSERT INTO deposit (depositid, user_userid, category_categoryid, amount, date) VALUES (182, '0', '3', '186.97', '2022-06-09');
INSERT INTO deposit (depositid, user_userid, category_categoryid, amount, date) VALUES (183, '0', '3', '298.56', '2022-08-01');
INSERT INTO deposit (depositid, user_userid, category_categoryid, amount, date) VALUES (184, '0', '3', '463.34', '2022-07-21');
INSERT INTO deposit (depositid, user_userid, category_categoryid, amount, date) VALUES (185, '1', '3', '468.25', '2022-07-28');
INSERT INTO deposit (depositid, user_userid, category_categoryid, amount, date) VALUES (186, '2', '3', '412.54', '2022-08-04');
INSERT INTO deposit (depositid, user_userid, category_categoryid, amount, date) VALUES (187, '3', '3', '285.46', '2022-06-07');
INSERT INTO deposit (depositid, user_userid, category_categoryid, amount, date) VALUES (188, '2', '3', '180.72', '2022-05-12');
INSERT INTO deposit (depositid, user_userid, category_categoryid, amount, date) VALUES (189, '3', '3', '221.65', '2022-05-21');
INSERT INTO deposit (depositid, user_userid, category_categoryid, amount, date) VALUES (190, '2', '3', '370.58', '2022-06-16');
INSERT INTO deposit (depositid, user_userid, category_categoryid, amount, date) VALUES (191, '0', '3', '171.24', '2022-07-03');
INSERT INTO deposit (depositid, user_userid, category_categoryid, amount, date) VALUES (192, '3', '3', '325.55', '2022-07-15');
INSERT INTO deposit (depositid, user_userid, category_categoryid, amount, date) VALUES (193, '3', '3', '275.2', '2022-06-20');
INSERT INTO deposit (depositid, user_userid, category_categoryid, amount, date) VALUES (194, '2', '3', '128.63', '2022-07-16');
INSERT INTO deposit (depositid, user_userid, category_categoryid, amount, date) VALUES (195, '1', '3', '463.42', '2022-05-16');
INSERT INTO deposit (depositid, user_userid, category_categoryid, amount, date) VALUES (196, '2', '3', '209.17', '2022-06-05');
INSERT INTO deposit (depositid, user_userid, category_categoryid, amount, date) VALUES (197, '3', '3', '337.56', '2022-06-07');
INSERT INTO deposit (depositid, user_userid, category_categoryid, amount, date) VALUES (198, '1', '3', '326.34', '2022-07-19');
INSERT INTO deposit (depositid, user_userid, category_categoryid, amount, date) VALUES (199, '3', '3', '196.37', '2022-07-27');
INSERT INTO deposit (depositid, user_userid, category_categoryid, amount, date) VALUES (200, '0', '3', '389.27', '2022-05-28');
INSERT INTO deposit (depositid, user_userid, category_categoryid, amount, date) VALUES (201, '1', '3', '345.96', '2022-06-22');
INSERT INTO deposit (depositid, user_userid, category_categoryid, amount, date) VALUES (202, '2', '3', '109.0', '2022-05-17');
INSERT INTO deposit (depositid, user_userid, category_categoryid, amount, date) VALUES (203, '0', '3', '455.34', '2022-05-30');
INSERT INTO deposit (depositid, user_userid, category_categoryid, amount, date) VALUES (204, '2', '3', '146.26', '2022-06-22');
INSERT INTO deposit (depositid, user_userid, category_categoryid, amount, date) VALUES (205, '1', '3', '300.0', '2022-08-07');
INSERT INTO deposit (depositid, user_userid, category_categoryid, amount, date) VALUES (206, '0', '3', '444.28', '2022-07-07');
INSERT INTO deposit (depositid, user_userid, category_categoryid, amount, date) VALUES (207, '1', '3', '147.84', '2022-08-04');
INSERT INTO deposit (depositid, user_userid, category_categoryid, amount, date) VALUES (208, '0', '3', '491.44', '2022-06-13');
INSERT INTO deposit (depositid, user_userid, category_categoryid, amount, date) VALUES (209, '0', '3', '302.96', '2022-07-28');
INSERT INTO deposit (depositid, user_userid, category_categoryid, amount, date) VALUES (210, '3', '3', '146.38', '2022-07-17');
INSERT INTO deposit (depositid, user_userid, category_categoryid, amount, date) VALUES (211, '1', '3', '337.55', '2022-06-24');
INSERT INTO deposit (depositid, user_userid, category_categoryid, amount, date) VALUES (212, '2', '3', '364.61', '2022-07-01');
INSERT INTO deposit (depositid, user_userid, category_categoryid, amount, date) VALUES (213, '1', '3', '430.45', '2022-07-23');
INSERT INTO deposit (depositid, user_userid, category_categoryid, amount, date) VALUES (214, '2', '3', '173.69', '2022-07-01');
INSERT INTO deposit (depositid, user_userid, category_categoryid, amount, date) VALUES (215, '3', '3', '143.83', '2022-05-30');
INSERT INTO deposit (depositid, user_userid, category_categoryid, amount, date) VALUES (216, '1', '3', '268.07', '2022-06-16');
INSERT INTO deposit (depositid, user_userid, category_categoryid, amount, date) VALUES (217, '2', '3', '220.44', '2022-06-10');
INSERT INTO deposit (depositid, user_userid, category_categoryid, amount, date) VALUES (218, '0', '3', '287.93', '2022-06-26');
INSERT INTO deposit (depositid, user_userid, category_categoryid, amount, date) VALUES (219, '2', '3', '493.76', '2022-05-30');
INSERT INTO deposit (depositid, user_userid, category_categoryid, amount, date) VALUES (220, '2', '3', '345.24', '2022-05-08');
INSERT INTO deposit (depositid, user_userid, category_categoryid, amount, date) VALUES (221, '0', '3', '184.4', '2022-07-01');
INSERT INTO deposit (depositid, user_userid, category_categoryid, amount, date) VALUES (222, '3', '3', '353.03', '2022-06-12');
INSERT INTO deposit (depositid, user_userid, category_categoryid, amount, date) VALUES (223, '3', '3', '264.97', '2022-05-28');
INSERT INTO deposit (depositid, user_userid, category_categoryid, amount, date) VALUES (224, '0', '3', '287.95', '2022-06-20');
INSERT INTO deposit (depositid, user_userid, category_categoryid, amount, date) VALUES (225, '3', '3', '187.68', '2022-05-20');
INSERT INTO deposit (depositid, user_userid, category_categoryid, amount, date) VALUES (226, '1', '3', '313.68', '2022-05-30');
INSERT INTO deposit (depositid, user_userid, category_categoryid, amount, date) VALUES (227, '3', '3', '247.26', '2022-06-04');
INSERT INTO deposit (depositid, user_userid, category_categoryid, amount, date) VALUES (228, '0', '3', '356.37', '2022-05-30');
INSERT INTO deposit (depositid, user_userid, category_categoryid, amount, date) VALUES (229, '1', '3', '460.3', '2022-05-11');
INSERT INTO deposit (depositid, user_userid, category_categoryid, amount, date) VALUES (230, '3', '3', '470.97', '2022-05-18');
INSERT INTO deposit (depositid, user_userid, category_categoryid, amount, date) VALUES (231, '1', '3', '392.42', '2022-07-02');
INSERT INTO deposit (depositid, user_userid, category_categoryid, amount, date) VALUES (232, '1', '3', '322.66', '2022-05-15');
INSERT INTO deposit (depositid, user_userid, category_categoryid, amount, date) VALUES (233, '0', '3', '453.85', '2022-08-12');
INSERT INTO deposit (depositid, user_userid, category_categoryid, amount, date) VALUES (234, '2', '3', '168.01', '2022-07-09');
INSERT INTO deposit (depositid, user_userid, category_categoryid, amount, date) VALUES (235, '1', '3', '483.21', '2022-07-14');
INSERT INTO deposit (depositid, user_userid, category_categoryid, amount, date) VALUES (236, '1', '3', '292.62', '2022-07-26');
INSERT INTO deposit (depositid, user_userid, category_categoryid, amount, date) VALUES (237, '2', '3', '363.29', '2022-07-23');
INSERT INTO deposit (depositid, user_userid, category_categoryid, amount, date) VALUES (238, '1', '3', '212.24', '2022-07-26');
INSERT INTO deposit (depositid, user_userid, category_categoryid, amount, date) VALUES (239, '2', '3', '401.46', '2022-08-04');
INSERT INTO deposit (depositid, user_userid, category_categoryid, amount, date) VALUES (240, '0', '3', '228.77', '2022-05-30');
INSERT INTO deposit (depositid, user_userid, category_categoryid, amount, date) VALUES (241, '1', '3', '212.56', '2022-06-25');
INSERT INTO deposit (depositid, user_userid, category_categoryid, amount, date) VALUES (242, '2', '3', '287.36', '2022-07-29');
INSERT INTO deposit (depositid, user_userid, category_categoryid, amount, date) VALUES (243, '2', '3', '288.99', '2022-06-18');
INSERT INTO deposit (depositid, user_userid, category_categoryid, amount, date) VALUES (244, '2', '3', '172.68', '2022-05-29');
INSERT INTO deposit (depositid, user_userid, category_categoryid, amount, date) VALUES (245, '2', '3', '331.15', '2022-05-13');
INSERT INTO deposit (depositid, user_userid, category_categoryid, amount, date) VALUES (246, '2', '3', '316.33', '2022-05-18');
INSERT INTO deposit (depositid, user_userid, category_categoryid, amount, date) VALUES (247, '1', '3', '291.37', '2022-05-26');
INSERT INTO deposit (depositid, user_userid, category_categoryid, amount, date) VALUES (248, '0', '3', '284.56', '2022-07-19');
INSERT INTO deposit (depositid, user_userid, category_categoryid, amount, date) VALUES (249, '0', '3', '272.72', '2022-08-08');
INSERT INTO deposit (depositid, user_userid, category_categoryid, amount, date) VALUES (250, '2', '3', '104.09', '2022-07-22');
INSERT INTO deposit (depositid, user_userid, category_categoryid, amount, date) VALUES (251, '1', '3', '366.69', '2022-06-10');
INSERT INTO deposit (depositid, user_userid, category_categoryid, amount, date) VALUES (252, '0', '3', '184.92', '2022-06-23');
INSERT INTO deposit (depositid, user_userid, category_categoryid, amount, date) VALUES (253, '2', '3', '150.57', '2022-08-04');
INSERT INTO deposit (depositid, user_userid, category_categoryid, amount, date) VALUES (254, '1', '3', '150.37', '2022-06-24');
INSERT INTO deposit (depositid, user_userid, category_categoryid, amount, date) VALUES (255, '0', '3', '243.0', '2022-07-16');
INSERT INTO deposit (depositid, user_userid, category_categoryid, amount, date) VALUES (256, '2', '3', '424.6', '2022-08-03');
INSERT INTO deposit (depositid, user_userid, category_categoryid, amount, date) VALUES (257, '2', '3', '370.79', '2022-05-19');
INSERT INTO deposit (depositid, user_userid, category_categoryid, amount, date) VALUES (258, '2', '3', '405.59', '2022-08-15');
INSERT INTO deposit (depositid, user_userid, category_categoryid, amount, date) VALUES (259, '1', '3', '415.39', '2022-06-24');
INSERT INTO deposit (depositid, user_userid, category_categoryid, amount, date) VALUES (260, '3', '3', '352.75', '2022-05-18');
INSERT INTO deposit (depositid, user_userid, category_categoryid, amount, date) VALUES (261, '3', '3', '477.97', '2022-06-18');
INSERT INTO deposit (depositid, user_userid, category_categoryid, amount, date) VALUES (262, '1', '3', '354.61', '2022-05-17');
INSERT INTO deposit (depositid, user_userid, category_categoryid, amount, date) VALUES (263, '3', '3', '399.65', '2022-06-05');
INSERT INTO deposit (depositid, user_userid, category_categoryid, amount, date) VALUES (264, '0', '3', '325.89', '2022-07-20');
INSERT INTO deposit (depositid, user_userid, category_categoryid, amount, date) VALUES (265, '1', '3', '417.65', '2022-06-14');
INSERT INTO deposit (depositid, user_userid, category_categoryid, amount, date) VALUES (266, '3', '3', '259.92', '2022-05-08');
INSERT INTO deposit (depositid, user_userid, category_categoryid, amount, date) VALUES (267, '2', '3', '359.63', '2022-06-23');
INSERT INTO deposit (depositid, user_userid, category_categoryid, amount, date) VALUES (268, '2', '3', '232.84', '2022-07-28');
INSERT INTO deposit (depositid, user_userid, category_categoryid, amount, date) VALUES (269, '0', '3', '415.54', '2022-05-25');
INSERT INTO deposit (depositid, user_userid, category_categoryid, amount, date) VALUES (270, '2', '3', '458.55', '2022-06-16');
INSERT INTO deposit (depositid, user_userid, category_categoryid, amount, date) VALUES (271, '1', '3', '367.66', '2022-08-16');
INSERT INTO deposit (depositid, user_userid, category_categoryid, amount, date) VALUES (272, '3', '3', '383.1', '2022-07-27');
INSERT INTO deposit (depositid, user_userid, category_categoryid, amount, date) VALUES (273, '2', '3', '219.59', '2022-06-04');
INSERT INTO deposit (depositid, user_userid, category_categoryid, amount, date) VALUES (274, '0', '3', '197.27', '2022-05-23');
INSERT INTO deposit (depositid, user_userid, category_categoryid, amount, date) VALUES (275, '3', '3', '158.66', '2022-05-27');
INSERT INTO deposit (depositid, user_userid, category_categoryid, amount, date) VALUES (276, '3', '3', '250.16', '2022-05-29');
INSERT INTO deposit (depositid, user_userid, category_categoryid, amount, date) VALUES (277, '2', '3', '394.92', '2022-08-13');
INSERT INTO deposit (depositid, user_userid, category_categoryid, amount, date) VALUES (278, '2', '3', '120.45', '2022-07-07');
INSERT INTO deposit (depositid, user_userid, category_categoryid, amount, date) VALUES (279, '1', '3', '317.09', '2022-08-04');
INSERT INTO deposit (depositid, user_userid, category_categoryid, amount, date) VALUES (280, '1', '3', '323.34', '2022-05-28');
INSERT INTO deposit (depositid, user_userid, category_categoryid, amount, date) VALUES (281, '2', '3', '209.46', '2022-06-03');
INSERT INTO deposit (depositid, user_userid, category_categoryid, amount, date) VALUES (282, '0', '3', '256.39', '2022-05-10');
INSERT INTO deposit (depositid, user_userid, category_categoryid, amount, date) VALUES (283, '3', '3', '350.04', '2022-06-12');
INSERT INTO deposit (depositid, user_userid, category_categoryid, amount, date) VALUES (284, '2', '3', '173.99', '2022-07-13');
INSERT INTO deposit (depositid, user_userid, category_categoryid, amount, date) VALUES (285, '3', '3', '110.08', '2022-06-07');
INSERT INTO deposit (depositid, user_userid, category_categoryid, amount, date) VALUES (286, '3', '3', '402.1', '2022-06-26');
INSERT INTO deposit (depositid, user_userid, category_categoryid, amount, date) VALUES (287, '2', '3', '370.21', '2022-07-12');
INSERT INTO deposit (depositid, user_userid, category_categoryid, amount, date) VALUES (288, '0', '3', '285.74', '2022-06-26');
INSERT INTO deposit (depositid, user_userid, category_categoryid, amount, date) VALUES (289, '1', '3', '414.56', '2022-07-16');
INSERT INTO deposit (depositid, user_userid, category_categoryid, amount, date) VALUES (290, '3', '3', '463.82', '2022-08-13');
INSERT INTO deposit (depositid, user_userid, category_categoryid, amount, date) VALUES (291, '1', '3', '492.62', '2022-07-26');
INSERT INTO deposit (depositid, user_userid, category_categoryid, amount, date) VALUES (292, '0', '3', '412.56', '2022-05-24');
INSERT INTO deposit (depositid, user_userid, category_categoryid, amount, date) VALUES (293, '3', '3', '492.22', '2022-07-25');
INSERT INTO deposit (depositid, user_userid, category_categoryid, amount, date) VALUES (294, '2', '3', '130.35', '2022-07-02');
INSERT INTO deposit (depositid, user_userid, category_categoryid, amount, date) VALUES (295, '1', '3', '207.87', '2022-06-27');
INSERT INTO deposit (depositid, user_userid, category_categoryid, amount, date) VALUES (296, '2', '3', '327.35', '2022-06-25');
INSERT INTO deposit (depositid, user_userid, category_categoryid, amount, date) VALUES (297, '0', '3', '355.12', '2022-05-29');
INSERT INTO deposit (depositid, user_userid, category_categoryid, amount, date) VALUES (298, '0', '3', '265.12', '2022-06-26');
INSERT INTO deposit (depositid, user_userid, category_categoryid, amount, date) VALUES (299, '0', '3', '285.15', '2022-08-06');
