INSERT INTO user (userid, f_name, l_name, email, password, role, verified) VALUES (0, 'Bob', 'Smith', 'b.smith@email.com', '$2a$10$P.QxV9.QTpxpmoZavv3So.Rd6jg9eu7ZfPmaC9v0Xeo2WqKBrc6z2', 'USER', 1);
INSERT INTO user (userid, f_name, l_name, email, password, role, verified) VALUES (1, 'Terry', 'Prime', 't.prime@email.com', '$2a$10$P.QxV9.QTpxpmoZavv3So.Rd6jg9eu7ZfPmaC9v0Xeo2WqKBrc6z2', 'USER', 1);
INSERT INTO user (userid, f_name, l_name, email, password, role, verified) VALUES (2, 'Sarah', 'Conner', 's.conner@email.com', '$2a$10$P.QxV9.QTpxpmoZavv3So.Rd6jg9eu7ZfPmaC9v0Xeo2WqKBrc6z2', 'USER', 1);
INSERT INTO user (userid, f_name, l_name, email, password, role, verified) VALUES (3, 'Jenny', 'Baker', 'j.baker@email.com', '$2a$10$P.QxV9.QTpxpmoZavv3So.Rd6jg9eu7ZfPmaC9v0Xeo2WqKBrc6z2', 'USER', 1);
INSERT INTO category (categoryid, description, name, type) VALUES (0, 'Food is important', 'groceries', 'DEPOSIT');
INSERT INTO category (categoryid, description, name, type) VALUES (1, 'Need to be able to go vroom', 'gasoline', 'DEPOSIT');
INSERT INTO category (categoryid, description, name, type) VALUES (2, 'Gotta live somewhere', 'rent', 'DEPOSIT');
INSERT INTO category (categoryid, description, name, type) VALUES (3, 'Woohoo!', 'reimbursment', 'WITHDRAWAL');
INSERT INTO withdrawal (withdrawalid, user_userid, category_categoryid, amount, date) VALUES (0, '2', '1', '1136.62', '2022-07-04');
INSERT INTO withdrawal (withdrawalid, user_userid, category_categoryid, amount, date) VALUES (1, '3', '1', '1101.68', '2022-06-23');
INSERT INTO withdrawal (withdrawalid, user_userid, category_categoryid, amount, date) VALUES (2, '0', '2', '382.92', '2022-06-10');
INSERT INTO withdrawal (withdrawalid, user_userid, category_categoryid, amount, date) VALUES (3, '0', '2', '793.96', '2022-05-25');
INSERT INTO withdrawal (withdrawalid, user_userid, category_categoryid, amount, date) VALUES (4, '2', '1', '861.55', '2022-07-28');
INSERT INTO withdrawal (withdrawalid, user_userid, category_categoryid, amount, date) VALUES (5, '2', '0', '425.99', '2022-06-05');
INSERT INTO withdrawal (withdrawalid, user_userid, category_categoryid, amount, date) VALUES (6, '1', '0', '540.87', '2022-08-06');
INSERT INTO withdrawal (withdrawalid, user_userid, category_categoryid, amount, date) VALUES (7, '2', '0', '508.34', '2022-06-05');
INSERT INTO withdrawal (withdrawalid, user_userid, category_categoryid, amount, date) VALUES (8, '3', '1', '1009.15', '2022-07-10');
INSERT INTO withdrawal (withdrawalid, user_userid, category_categoryid, amount, date) VALUES (9, '0', '1', '319.02', '2022-08-12');
INSERT INTO withdrawal (withdrawalid, user_userid, category_categoryid, amount, date) VALUES (10, '3', '1', '574.68', '2022-06-16');
INSERT INTO withdrawal (withdrawalid, user_userid, category_categoryid, amount, date) VALUES (11, '1', '2', '992.3', '2022-08-11');
INSERT INTO withdrawal (withdrawalid, user_userid, category_categoryid, amount, date) VALUES (12, '2', '0', '329.89', '2022-05-22');
INSERT INTO withdrawal (withdrawalid, user_userid, category_categoryid, amount, date) VALUES (13, '1', '0', '787.96', '2022-07-12');
INSERT INTO withdrawal (withdrawalid, user_userid, category_categoryid, amount, date) VALUES (14, '2', '0', '185.77', '2022-06-01');
INSERT INTO withdrawal (withdrawalid, user_userid, category_categoryid, amount, date) VALUES (15, '2', '0', '1031.99', '2022-08-18');
INSERT INTO withdrawal (withdrawalid, user_userid, category_categoryid, amount, date) VALUES (16, '2', '2', '459.62', '2022-07-24');
INSERT INTO withdrawal (withdrawalid, user_userid, category_categoryid, amount, date) VALUES (17, '0', '0', '629.03', '2022-08-11');
INSERT INTO withdrawal (withdrawalid, user_userid, category_categoryid, amount, date) VALUES (18, '3', '1', '786.81', '2022-05-13');
INSERT INTO withdrawal (withdrawalid, user_userid, category_categoryid, amount, date) VALUES (19, '2', '2', '430.51', '2022-05-11');
INSERT INTO withdrawal (withdrawalid, user_userid, category_categoryid, amount, date) VALUES (20, '0', '1', '500.66', '2022-05-20');
INSERT INTO withdrawal (withdrawalid, user_userid, category_categoryid, amount, date) VALUES (21, '1', '1', '478.74', '2022-07-07');
INSERT INTO withdrawal (withdrawalid, user_userid, category_categoryid, amount, date) VALUES (22, '0', '1', '867.29', '2022-08-17');
INSERT INTO withdrawal (withdrawalid, user_userid, category_categoryid, amount, date) VALUES (23, '3', '1', '822.25', '2022-06-20');
INSERT INTO withdrawal (withdrawalid, user_userid, category_categoryid, amount, date) VALUES (24, '1', '2', '1049.87', '2022-06-19');
INSERT INTO withdrawal (withdrawalid, user_userid, category_categoryid, amount, date) VALUES (25, '1', '2', '961.27', '2022-06-01');
INSERT INTO withdrawal (withdrawalid, user_userid, category_categoryid, amount, date) VALUES (26, '2', '1', '226.16', '2022-08-15');
INSERT INTO withdrawal (withdrawalid, user_userid, category_categoryid, amount, date) VALUES (27, '0', '1', '754.45', '2022-08-12');
INSERT INTO withdrawal (withdrawalid, user_userid, category_categoryid, amount, date) VALUES (28, '2', '0', '364.48', '2022-08-18');
INSERT INTO withdrawal (withdrawalid, user_userid, category_categoryid, amount, date) VALUES (29, '2', '0', '389.5', '2022-08-18');
INSERT INTO withdrawal (withdrawalid, user_userid, category_categoryid, amount, date) VALUES (30, '0', '1', '587.1', '2022-07-09');
INSERT INTO withdrawal (withdrawalid, user_userid, category_categoryid, amount, date) VALUES (31, '2', '0', '941.89', '2022-06-15');
INSERT INTO withdrawal (withdrawalid, user_userid, category_categoryid, amount, date) VALUES (32, '1', '2', '979.85', '2022-07-15');
INSERT INTO withdrawal (withdrawalid, user_userid, category_categoryid, amount, date) VALUES (33, '0', '2', '637.33', '2022-06-02');
INSERT INTO withdrawal (withdrawalid, user_userid, category_categoryid, amount, date) VALUES (34, '2', '1', '579.1', '2022-05-30');
INSERT INTO withdrawal (withdrawalid, user_userid, category_categoryid, amount, date) VALUES (35, '2', '2', '1178.78', '2022-07-05');
INSERT INTO withdrawal (withdrawalid, user_userid, category_categoryid, amount, date) VALUES (36, '3', '1', '1056.87', '2022-05-31');
INSERT INTO withdrawal (withdrawalid, user_userid, category_categoryid, amount, date) VALUES (37, '3', '2', '340.89', '2022-08-10');
INSERT INTO withdrawal (withdrawalid, user_userid, category_categoryid, amount, date) VALUES (38, '3', '0', '414.74', '2022-07-11');
INSERT INTO withdrawal (withdrawalid, user_userid, category_categoryid, amount, date) VALUES (39, '2', '0', '791.11', '2022-05-22');
INSERT INTO withdrawal (withdrawalid, user_userid, category_categoryid, amount, date) VALUES (40, '2', '2', '1187.19', '2022-06-03');
INSERT INTO withdrawal (withdrawalid, user_userid, category_categoryid, amount, date) VALUES (41, '2', '0', '204.83', '2022-06-19');
INSERT INTO withdrawal (withdrawalid, user_userid, category_categoryid, amount, date) VALUES (42, '2', '2', '140.48', '2022-07-23');
INSERT INTO withdrawal (withdrawalid, user_userid, category_categoryid, amount, date) VALUES (43, '0', '2', '261.36', '2022-05-12');
INSERT INTO withdrawal (withdrawalid, user_userid, category_categoryid, amount, date) VALUES (44, '3', '0', '875.45', '2022-05-14');
INSERT INTO withdrawal (withdrawalid, user_userid, category_categoryid, amount, date) VALUES (45, '0', '0', '666.71', '2022-05-21');
INSERT INTO withdrawal (withdrawalid, user_userid, category_categoryid, amount, date) VALUES (46, '1', '0', '181.83', '2022-05-28');
INSERT INTO withdrawal (withdrawalid, user_userid, category_categoryid, amount, date) VALUES (47, '3', '2', '183.21', '2022-08-09');
INSERT INTO withdrawal (withdrawalid, user_userid, category_categoryid, amount, date) VALUES (48, '0', '1', '616.97', '2022-06-26');
INSERT INTO withdrawal (withdrawalid, user_userid, category_categoryid, amount, date) VALUES (49, '2', '0', '1058.74', '2022-06-06');
INSERT INTO withdrawal (withdrawalid, user_userid, category_categoryid, amount, date) VALUES (50, '2', '2', '889.06', '2022-08-15');
INSERT INTO withdrawal (withdrawalid, user_userid, category_categoryid, amount, date) VALUES (51, '2', '1', '661.91', '2022-08-03');
INSERT INTO withdrawal (withdrawalid, user_userid, category_categoryid, amount, date) VALUES (52, '1', '1', '294.06', '2022-06-13');
INSERT INTO withdrawal (withdrawalid, user_userid, category_categoryid, amount, date) VALUES (53, '3', '0', '291.96', '2022-06-30');
INSERT INTO withdrawal (withdrawalid, user_userid, category_categoryid, amount, date) VALUES (54, '3', '1', '370.51', '2022-08-10');
INSERT INTO withdrawal (withdrawalid, user_userid, category_categoryid, amount, date) VALUES (55, '2', '2', '197.41', '2022-05-11');
INSERT INTO withdrawal (withdrawalid, user_userid, category_categoryid, amount, date) VALUES (56, '1', '2', '540.01', '2022-06-18');
INSERT INTO withdrawal (withdrawalid, user_userid, category_categoryid, amount, date) VALUES (57, '1', '1', '1162.53', '2022-06-27');
INSERT INTO withdrawal (withdrawalid, user_userid, category_categoryid, amount, date) VALUES (58, '0', '0', '1048.92', '2022-07-02');
INSERT INTO withdrawal (withdrawalid, user_userid, category_categoryid, amount, date) VALUES (59, '1', '2', '116.31', '2022-07-03');
INSERT INTO withdrawal (withdrawalid, user_userid, category_categoryid, amount, date) VALUES (60, '0', '1', '230.26', '2022-07-09');
INSERT INTO withdrawal (withdrawalid, user_userid, category_categoryid, amount, date) VALUES (61, '1', '1', '351.96', '2022-08-14');
INSERT INTO withdrawal (withdrawalid, user_userid, category_categoryid, amount, date) VALUES (62, '3', '2', '1060.36', '2022-08-03');
INSERT INTO withdrawal (withdrawalid, user_userid, category_categoryid, amount, date) VALUES (63, '1', '2', '191.57', '2022-05-31');
INSERT INTO withdrawal (withdrawalid, user_userid, category_categoryid, amount, date) VALUES (64, '1', '1', '970.86', '2022-07-12');
INSERT INTO withdrawal (withdrawalid, user_userid, category_categoryid, amount, date) VALUES (65, '3', '0', '1171.52', '2022-07-21');
INSERT INTO withdrawal (withdrawalid, user_userid, category_categoryid, amount, date) VALUES (66, '2', '2', '365.68', '2022-07-24');
INSERT INTO withdrawal (withdrawalid, user_userid, category_categoryid, amount, date) VALUES (67, '0', '2', '294.73', '2022-05-15');
INSERT INTO withdrawal (withdrawalid, user_userid, category_categoryid, amount, date) VALUES (68, '1', '2', '1037.94', '2022-06-18');
INSERT INTO withdrawal (withdrawalid, user_userid, category_categoryid, amount, date) VALUES (69, '3', '2', '767.72', '2022-06-09');
INSERT INTO withdrawal (withdrawalid, user_userid, category_categoryid, amount, date) VALUES (70, '2', '1', '138.13', '2022-05-16');
INSERT INTO withdrawal (withdrawalid, user_userid, category_categoryid, amount, date) VALUES (71, '1', '2', '777.83', '2022-08-06');
INSERT INTO withdrawal (withdrawalid, user_userid, category_categoryid, amount, date) VALUES (72, '0', '0', '1005.39', '2022-06-20');
INSERT INTO withdrawal (withdrawalid, user_userid, category_categoryid, amount, date) VALUES (73, '0', '0', '829.67', '2022-08-12');
INSERT INTO withdrawal (withdrawalid, user_userid, category_categoryid, amount, date) VALUES (74, '1', '1', '1177.87', '2022-05-24');
INSERT INTO withdrawal (withdrawalid, user_userid, category_categoryid, amount, date) VALUES (75, '2', '2', '354.51', '2022-06-16');
INSERT INTO withdrawal (withdrawalid, user_userid, category_categoryid, amount, date) VALUES (76, '3', '2', '991.26', '2022-06-24');
INSERT INTO withdrawal (withdrawalid, user_userid, category_categoryid, amount, date) VALUES (77, '3', '0', '605.2', '2022-08-15');
INSERT INTO withdrawal (withdrawalid, user_userid, category_categoryid, amount, date) VALUES (78, '2', '0', '377.78', '2022-07-30');
INSERT INTO withdrawal (withdrawalid, user_userid, category_categoryid, amount, date) VALUES (79, '0', '0', '1184.53', '2022-05-31');
INSERT INTO withdrawal (withdrawalid, user_userid, category_categoryid, amount, date) VALUES (80, '2', '1', '335.05', '2022-07-11');
INSERT INTO withdrawal (withdrawalid, user_userid, category_categoryid, amount, date) VALUES (81, '1', '0', '1063.82', '2022-05-16');
INSERT INTO withdrawal (withdrawalid, user_userid, category_categoryid, amount, date) VALUES (82, '1', '1', '966.32', '2022-07-12');
INSERT INTO withdrawal (withdrawalid, user_userid, category_categoryid, amount, date) VALUES (83, '1', '2', '155.29', '2022-06-03');
INSERT INTO withdrawal (withdrawalid, user_userid, category_categoryid, amount, date) VALUES (84, '1', '2', '129.22', '2022-07-17');
INSERT INTO withdrawal (withdrawalid, user_userid, category_categoryid, amount, date) VALUES (85, '2', '1', '592.15', '2022-06-29');
INSERT INTO withdrawal (withdrawalid, user_userid, category_categoryid, amount, date) VALUES (86, '3', '1', '991.11', '2022-06-05');
INSERT INTO withdrawal (withdrawalid, user_userid, category_categoryid, amount, date) VALUES (87, '0', '1', '1093.68', '2022-08-15');
INSERT INTO withdrawal (withdrawalid, user_userid, category_categoryid, amount, date) VALUES (88, '3', '2', '225.96', '2022-05-16');
INSERT INTO withdrawal (withdrawalid, user_userid, category_categoryid, amount, date) VALUES (89, '0', '2', '513.04', '2022-05-15');
INSERT INTO withdrawal (withdrawalid, user_userid, category_categoryid, amount, date) VALUES (90, '2', '0', '858.66', '2022-08-19');
INSERT INTO withdrawal (withdrawalid, user_userid, category_categoryid, amount, date) VALUES (91, '3', '0', '1050.81', '2022-06-21');
INSERT INTO withdrawal (withdrawalid, user_userid, category_categoryid, amount, date) VALUES (92, '3', '2', '1137.06', '2022-08-18');
INSERT INTO withdrawal (withdrawalid, user_userid, category_categoryid, amount, date) VALUES (93, '1', '1', '520.0', '2022-06-23');
INSERT INTO withdrawal (withdrawalid, user_userid, category_categoryid, amount, date) VALUES (94, '1', '1', '1061.96', '2022-06-15');
INSERT INTO withdrawal (withdrawalid, user_userid, category_categoryid, amount, date) VALUES (95, '3', '2', '1156.44', '2022-08-13');
INSERT INTO withdrawal (withdrawalid, user_userid, category_categoryid, amount, date) VALUES (96, '2', '0', '967.14', '2022-07-28');
INSERT INTO withdrawal (withdrawalid, user_userid, category_categoryid, amount, date) VALUES (97, '0', '1', '805.18', '2022-08-05');
INSERT INTO withdrawal (withdrawalid, user_userid, category_categoryid, amount, date) VALUES (98, '0', '0', '826.25', '2022-07-31');
INSERT INTO withdrawal (withdrawalid, user_userid, category_categoryid, amount, date) VALUES (99, '1', '2', '308.64', '2022-06-03');
INSERT INTO withdrawal (withdrawalid, user_userid, category_categoryid, amount, date) VALUES (100, '2', '2', '922.85', '2022-06-23');
INSERT INTO withdrawal (withdrawalid, user_userid, category_categoryid, amount, date) VALUES (101, '0', '0', '272.07', '2022-07-04');
INSERT INTO withdrawal (withdrawalid, user_userid, category_categoryid, amount, date) VALUES (102, '0', '2', '1197.09', '2022-08-02');
INSERT INTO withdrawal (withdrawalid, user_userid, category_categoryid, amount, date) VALUES (103, '2', '1', '354.73', '2022-07-21');
INSERT INTO withdrawal (withdrawalid, user_userid, category_categoryid, amount, date) VALUES (104, '3', '2', '1107.23', '2022-08-14');
INSERT INTO withdrawal (withdrawalid, user_userid, category_categoryid, amount, date) VALUES (105, '3', '2', '497.59', '2022-05-21');
INSERT INTO withdrawal (withdrawalid, user_userid, category_categoryid, amount, date) VALUES (106, '1', '1', '869.95', '2022-07-04');
INSERT INTO withdrawal (withdrawalid, user_userid, category_categoryid, amount, date) VALUES (107, '1', '1', '477.08', '2022-08-05');
INSERT INTO withdrawal (withdrawalid, user_userid, category_categoryid, amount, date) VALUES (108, '3', '1', '1081.73', '2022-07-24');
INSERT INTO withdrawal (withdrawalid, user_userid, category_categoryid, amount, date) VALUES (109, '1', '0', '238.11', '2022-08-17');
INSERT INTO withdrawal (withdrawalid, user_userid, category_categoryid, amount, date) VALUES (110, '1', '2', '1169.75', '2022-06-20');
INSERT INTO withdrawal (withdrawalid, user_userid, category_categoryid, amount, date) VALUES (111, '0', '2', '443.37', '2022-07-30');
INSERT INTO withdrawal (withdrawalid, user_userid, category_categoryid, amount, date) VALUES (112, '0', '2', '362.47', '2022-06-02');
INSERT INTO withdrawal (withdrawalid, user_userid, category_categoryid, amount, date) VALUES (113, '3', '2', '371.83', '2022-06-12');
INSERT INTO withdrawal (withdrawalid, user_userid, category_categoryid, amount, date) VALUES (114, '0', '1', '208.91', '2022-08-11');
INSERT INTO withdrawal (withdrawalid, user_userid, category_categoryid, amount, date) VALUES (115, '3', '0', '1057.89', '2022-08-18');
INSERT INTO withdrawal (withdrawalid, user_userid, category_categoryid, amount, date) VALUES (116, '3', '0', '925.12', '2022-06-27');
INSERT INTO withdrawal (withdrawalid, user_userid, category_categoryid, amount, date) VALUES (117, '1', '1', '917.45', '2022-08-02');
INSERT INTO withdrawal (withdrawalid, user_userid, category_categoryid, amount, date) VALUES (118, '2', '2', '443.6', '2022-07-22');
INSERT INTO withdrawal (withdrawalid, user_userid, category_categoryid, amount, date) VALUES (119, '2', '0', '1191.74', '2022-06-13');
INSERT INTO withdrawal (withdrawalid, user_userid, category_categoryid, amount, date) VALUES (120, '3', '1', '387.46', '2022-08-08');
INSERT INTO withdrawal (withdrawalid, user_userid, category_categoryid, amount, date) VALUES (121, '1', '0', '915.14', '2022-07-22');
INSERT INTO withdrawal (withdrawalid, user_userid, category_categoryid, amount, date) VALUES (122, '0', '2', '984.83', '2022-05-12');
INSERT INTO withdrawal (withdrawalid, user_userid, category_categoryid, amount, date) VALUES (123, '2', '2', '885.98', '2022-08-19');
INSERT INTO withdrawal (withdrawalid, user_userid, category_categoryid, amount, date) VALUES (124, '0', '0', '604.57', '2022-07-10');
INSERT INTO withdrawal (withdrawalid, user_userid, category_categoryid, amount, date) VALUES (125, '1', '2', '594.06', '2022-08-10');
INSERT INTO withdrawal (withdrawalid, user_userid, category_categoryid, amount, date) VALUES (126, '0', '1', '1192.71', '2022-07-04');
INSERT INTO withdrawal (withdrawalid, user_userid, category_categoryid, amount, date) VALUES (127, '1', '1', '264.56', '2022-07-05');
INSERT INTO withdrawal (withdrawalid, user_userid, category_categoryid, amount, date) VALUES (128, '3', '1', '790.42', '2022-06-26');
INSERT INTO withdrawal (withdrawalid, user_userid, category_categoryid, amount, date) VALUES (129, '0', '0', '400.52', '2022-07-21');
INSERT INTO withdrawal (withdrawalid, user_userid, category_categoryid, amount, date) VALUES (130, '3', '1', '633.12', '2022-06-02');
INSERT INTO withdrawal (withdrawalid, user_userid, category_categoryid, amount, date) VALUES (131, '0', '1', '657.22', '2022-06-16');
INSERT INTO withdrawal (withdrawalid, user_userid, category_categoryid, amount, date) VALUES (132, '1', '1', '800.76', '2022-08-13');
INSERT INTO withdrawal (withdrawalid, user_userid, category_categoryid, amount, date) VALUES (133, '0', '1', '1051.36', '2022-08-12');
INSERT INTO withdrawal (withdrawalid, user_userid, category_categoryid, amount, date) VALUES (134, '2', '1', '201.31', '2022-07-13');
INSERT INTO withdrawal (withdrawalid, user_userid, category_categoryid, amount, date) VALUES (135, '0', '1', '436.78', '2022-08-03');
INSERT INTO withdrawal (withdrawalid, user_userid, category_categoryid, amount, date) VALUES (136, '2', '2', '991.73', '2022-07-15');
INSERT INTO withdrawal (withdrawalid, user_userid, category_categoryid, amount, date) VALUES (137, '0', '2', '394.09', '2022-06-12');
INSERT INTO withdrawal (withdrawalid, user_userid, category_categoryid, amount, date) VALUES (138, '1', '1', '905.13', '2022-05-18');
INSERT INTO withdrawal (withdrawalid, user_userid, category_categoryid, amount, date) VALUES (139, '3', '1', '347.66', '2022-06-10');
INSERT INTO withdrawal (withdrawalid, user_userid, category_categoryid, amount, date) VALUES (140, '1', '2', '1115.92', '2022-07-27');
INSERT INTO withdrawal (withdrawalid, user_userid, category_categoryid, amount, date) VALUES (141, '0', '0', '1171.78', '2022-06-16');
INSERT INTO withdrawal (withdrawalid, user_userid, category_categoryid, amount, date) VALUES (142, '3', '1', '1051.01', '2022-05-31');
INSERT INTO withdrawal (withdrawalid, user_userid, category_categoryid, amount, date) VALUES (143, '1', '2', '315.25', '2022-07-18');
INSERT INTO withdrawal (withdrawalid, user_userid, category_categoryid, amount, date) VALUES (144, '0', '0', '884.59', '2022-06-21');
INSERT INTO withdrawal (withdrawalid, user_userid, category_categoryid, amount, date) VALUES (145, '1', '2', '922.93', '2022-06-13');
INSERT INTO withdrawal (withdrawalid, user_userid, category_categoryid, amount, date) VALUES (146, '3', '0', '1128.04', '2022-07-13');
INSERT INTO withdrawal (withdrawalid, user_userid, category_categoryid, amount, date) VALUES (147, '0', '1', '783.11', '2022-05-28');
INSERT INTO withdrawal (withdrawalid, user_userid, category_categoryid, amount, date) VALUES (148, '0', '1', '423.58', '2022-08-18');
INSERT INTO withdrawal (withdrawalid, user_userid, category_categoryid, amount, date) VALUES (149, '2', '1', '167.66', '2022-08-15');
INSERT INTO withdrawal (withdrawalid, user_userid, category_categoryid, amount, date) VALUES (150, '3', '0', '720.63', '2022-07-25');
INSERT INTO withdrawal (withdrawalid, user_userid, category_categoryid, amount, date) VALUES (151, '2', '0', '1073.6', '2022-07-27');
INSERT INTO withdrawal (withdrawalid, user_userid, category_categoryid, amount, date) VALUES (152, '1', '2', '1191.94', '2022-06-26');
INSERT INTO withdrawal (withdrawalid, user_userid, category_categoryid, amount, date) VALUES (153, '1', '0', '897.6', '2022-08-15');
INSERT INTO withdrawal (withdrawalid, user_userid, category_categoryid, amount, date) VALUES (154, '0', '1', '526.51', '2022-08-18');
INSERT INTO withdrawal (withdrawalid, user_userid, category_categoryid, amount, date) VALUES (155, '0', '1', '267.41', '2022-07-12');
INSERT INTO withdrawal (withdrawalid, user_userid, category_categoryid, amount, date) VALUES (156, '3', '2', '314.09', '2022-08-06');
INSERT INTO withdrawal (withdrawalid, user_userid, category_categoryid, amount, date) VALUES (157, '0', '2', '413.27', '2022-06-24');
INSERT INTO withdrawal (withdrawalid, user_userid, category_categoryid, amount, date) VALUES (158, '1', '1', '623.42', '2022-06-23');
INSERT INTO withdrawal (withdrawalid, user_userid, category_categoryid, amount, date) VALUES (159, '2', '1', '444.75', '2022-06-10');
INSERT INTO withdrawal (withdrawalid, user_userid, category_categoryid, amount, date) VALUES (160, '3', '2', '967.88', '2022-06-27');
INSERT INTO withdrawal (withdrawalid, user_userid, category_categoryid, amount, date) VALUES (161, '0', '0', '366.25', '2022-07-01');
INSERT INTO withdrawal (withdrawalid, user_userid, category_categoryid, amount, date) VALUES (162, '0', '0', '585.94', '2022-06-22');
INSERT INTO withdrawal (withdrawalid, user_userid, category_categoryid, amount, date) VALUES (163, '3', '2', '289.24', '2022-06-19');
INSERT INTO withdrawal (withdrawalid, user_userid, category_categoryid, amount, date) VALUES (164, '1', '2', '1091.89', '2022-06-10');
INSERT INTO withdrawal (withdrawalid, user_userid, category_categoryid, amount, date) VALUES (165, '0', '1', '1024.97', '2022-08-03');
INSERT INTO withdrawal (withdrawalid, user_userid, category_categoryid, amount, date) VALUES (166, '0', '1', '979.99', '2022-07-31');
INSERT INTO withdrawal (withdrawalid, user_userid, category_categoryid, amount, date) VALUES (167, '2', '1', '1081.63', '2022-05-22');
INSERT INTO withdrawal (withdrawalid, user_userid, category_categoryid, amount, date) VALUES (168, '0', '1', '734.08', '2022-06-27');
INSERT INTO withdrawal (withdrawalid, user_userid, category_categoryid, amount, date) VALUES (169, '3', '2', '164.17', '2022-05-13');
INSERT INTO withdrawal (withdrawalid, user_userid, category_categoryid, amount, date) VALUES (170, '1', '1', '647.26', '2022-07-22');
INSERT INTO withdrawal (withdrawalid, user_userid, category_categoryid, amount, date) VALUES (171, '3', '1', '439.05', '2022-08-06');
INSERT INTO withdrawal (withdrawalid, user_userid, category_categoryid, amount, date) VALUES (172, '1', '2', '335.82', '2022-07-17');
INSERT INTO withdrawal (withdrawalid, user_userid, category_categoryid, amount, date) VALUES (173, '2', '0', '1188.16', '2022-07-05');
INSERT INTO withdrawal (withdrawalid, user_userid, category_categoryid, amount, date) VALUES (174, '0', '0', '1138.79', '2022-07-25');
INSERT INTO withdrawal (withdrawalid, user_userid, category_categoryid, amount, date) VALUES (175, '3', '1', '937.13', '2022-06-11');
INSERT INTO withdrawal (withdrawalid, user_userid, category_categoryid, amount, date) VALUES (176, '1', '0', '837.44', '2022-06-08');
INSERT INTO withdrawal (withdrawalid, user_userid, category_categoryid, amount, date) VALUES (177, '2', '0', '805.54', '2022-05-31');
INSERT INTO withdrawal (withdrawalid, user_userid, category_categoryid, amount, date) VALUES (178, '2', '0', '1100.67', '2022-08-01');
INSERT INTO withdrawal (withdrawalid, user_userid, category_categoryid, amount, date) VALUES (179, '0', '2', '858.13', '2022-06-14');
INSERT INTO withdrawal (withdrawalid, user_userid, category_categoryid, amount, date) VALUES (180, '0', '0', '518.48', '2022-08-12');
INSERT INTO withdrawal (withdrawalid, user_userid, category_categoryid, amount, date) VALUES (181, '0', '2', '712.18', '2022-06-30');
INSERT INTO withdrawal (withdrawalid, user_userid, category_categoryid, amount, date) VALUES (182, '0', '1', '1044.95', '2022-07-23');
INSERT INTO withdrawal (withdrawalid, user_userid, category_categoryid, amount, date) VALUES (183, '0', '0', '904.56', '2022-06-06');
INSERT INTO withdrawal (withdrawalid, user_userid, category_categoryid, amount, date) VALUES (184, '1', '2', '1180.85', '2022-07-09');
INSERT INTO withdrawal (withdrawalid, user_userid, category_categoryid, amount, date) VALUES (185, '3', '2', '221.24', '2022-08-02');
INSERT INTO withdrawal (withdrawalid, user_userid, category_categoryid, amount, date) VALUES (186, '3', '0', '637.96', '2022-07-18');
INSERT INTO withdrawal (withdrawalid, user_userid, category_categoryid, amount, date) VALUES (187, '3', '0', '629.34', '2022-06-24');
INSERT INTO withdrawal (withdrawalid, user_userid, category_categoryid, amount, date) VALUES (188, '2', '2', '491.95', '2022-06-07');
INSERT INTO withdrawal (withdrawalid, user_userid, category_categoryid, amount, date) VALUES (189, '1', '0', '1049.76', '2022-06-19');
INSERT INTO withdrawal (withdrawalid, user_userid, category_categoryid, amount, date) VALUES (190, '0', '2', '946.18', '2022-07-19');
INSERT INTO withdrawal (withdrawalid, user_userid, category_categoryid, amount, date) VALUES (191, '3', '2', '882.57', '2022-06-23');
INSERT INTO withdrawal (withdrawalid, user_userid, category_categoryid, amount, date) VALUES (192, '3', '1', '1049.38', '2022-06-15');
INSERT INTO withdrawal (withdrawalid, user_userid, category_categoryid, amount, date) VALUES (193, '0', '0', '955.25', '2022-06-29');
INSERT INTO withdrawal (withdrawalid, user_userid, category_categoryid, amount, date) VALUES (194, '3', '2', '862.35', '2022-07-01');
INSERT INTO withdrawal (withdrawalid, user_userid, category_categoryid, amount, date) VALUES (195, '0', '0', '568.55', '2022-08-06');
INSERT INTO withdrawal (withdrawalid, user_userid, category_categoryid, amount, date) VALUES (196, '0', '2', '1160.88', '2022-06-29');
INSERT INTO withdrawal (withdrawalid, user_userid, category_categoryid, amount, date) VALUES (197, '3', '2', '898.02', '2022-05-25');
INSERT INTO withdrawal (withdrawalid, user_userid, category_categoryid, amount, date) VALUES (198, '1', '0', '287.28', '2022-06-15');
INSERT INTO withdrawal (withdrawalid, user_userid, category_categoryid, amount, date) VALUES (199, '3', '1', '1021.69', '2022-05-13');
INSERT INTO withdrawal (withdrawalid, user_userid, category_categoryid, amount, date) VALUES (200, '2', '1', '365.43', '2022-06-15');
INSERT INTO withdrawal (withdrawalid, user_userid, category_categoryid, amount, date) VALUES (201, '3', '1', '1141.81', '2022-08-14');
INSERT INTO withdrawal (withdrawalid, user_userid, category_categoryid, amount, date) VALUES (202, '1', '1', '161.81', '2022-05-19');
INSERT INTO withdrawal (withdrawalid, user_userid, category_categoryid, amount, date) VALUES (203, '0', '0', '214.32', '2022-08-10');
INSERT INTO withdrawal (withdrawalid, user_userid, category_categoryid, amount, date) VALUES (204, '0', '0', '959.31', '2022-08-02');
INSERT INTO withdrawal (withdrawalid, user_userid, category_categoryid, amount, date) VALUES (205, '1', '1', '1156.22', '2022-07-02');
INSERT INTO withdrawal (withdrawalid, user_userid, category_categoryid, amount, date) VALUES (206, '3', '2', '724.42', '2022-07-16');
INSERT INTO withdrawal (withdrawalid, user_userid, category_categoryid, amount, date) VALUES (207, '1', '1', '136.46', '2022-08-16');
INSERT INTO withdrawal (withdrawalid, user_userid, category_categoryid, amount, date) VALUES (208, '3', '2', '131.67', '2022-06-20');
INSERT INTO withdrawal (withdrawalid, user_userid, category_categoryid, amount, date) VALUES (209, '1', '1', '651.06', '2022-08-02');
INSERT INTO withdrawal (withdrawalid, user_userid, category_categoryid, amount, date) VALUES (210, '3', '2', '365.99', '2022-05-25');
INSERT INTO withdrawal (withdrawalid, user_userid, category_categoryid, amount, date) VALUES (211, '0', '2', '617.13', '2022-06-13');
INSERT INTO withdrawal (withdrawalid, user_userid, category_categoryid, amount, date) VALUES (212, '3', '2', '309.79', '2022-05-22');
INSERT INTO withdrawal (withdrawalid, user_userid, category_categoryid, amount, date) VALUES (213, '3', '0', '776.22', '2022-08-02');
INSERT INTO withdrawal (withdrawalid, user_userid, category_categoryid, amount, date) VALUES (214, '2', '1', '247.43', '2022-06-29');
INSERT INTO withdrawal (withdrawalid, user_userid, category_categoryid, amount, date) VALUES (215, '0', '0', '688.15', '2022-07-01');
INSERT INTO withdrawal (withdrawalid, user_userid, category_categoryid, amount, date) VALUES (216, '3', '1', '1119.3', '2022-07-17');
INSERT INTO withdrawal (withdrawalid, user_userid, category_categoryid, amount, date) VALUES (217, '2', '0', '725.9', '2022-05-21');
INSERT INTO withdrawal (withdrawalid, user_userid, category_categoryid, amount, date) VALUES (218, '2', '2', '401.83', '2022-07-22');
INSERT INTO withdrawal (withdrawalid, user_userid, category_categoryid, amount, date) VALUES (219, '0', '0', '443.34', '2022-05-29');
INSERT INTO withdrawal (withdrawalid, user_userid, category_categoryid, amount, date) VALUES (220, '2', '0', '609.44', '2022-06-02');
INSERT INTO withdrawal (withdrawalid, user_userid, category_categoryid, amount, date) VALUES (221, '0', '0', '437.76', '2022-07-02');
INSERT INTO withdrawal (withdrawalid, user_userid, category_categoryid, amount, date) VALUES (222, '0', '2', '480.26', '2022-07-21');
INSERT INTO withdrawal (withdrawalid, user_userid, category_categoryid, amount, date) VALUES (223, '3', '2', '663.43', '2022-07-12');
INSERT INTO withdrawal (withdrawalid, user_userid, category_categoryid, amount, date) VALUES (224, '0', '0', '1133.14', '2022-06-20');
INSERT INTO withdrawal (withdrawalid, user_userid, category_categoryid, amount, date) VALUES (225, '1', '1', '264.27', '2022-06-22');
INSERT INTO withdrawal (withdrawalid, user_userid, category_categoryid, amount, date) VALUES (226, '0', '1', '676.35', '2022-06-22');
INSERT INTO withdrawal (withdrawalid, user_userid, category_categoryid, amount, date) VALUES (227, '1', '1', '988.92', '2022-06-25');
INSERT INTO withdrawal (withdrawalid, user_userid, category_categoryid, amount, date) VALUES (228, '0', '1', '724.47', '2022-06-10');
INSERT INTO withdrawal (withdrawalid, user_userid, category_categoryid, amount, date) VALUES (229, '0', '2', '1096.34', '2022-05-28');
INSERT INTO withdrawal (withdrawalid, user_userid, category_categoryid, amount, date) VALUES (230, '3', '1', '723.35', '2022-05-25');
INSERT INTO withdrawal (withdrawalid, user_userid, category_categoryid, amount, date) VALUES (231, '1', '2', '652.67', '2022-07-26');
INSERT INTO withdrawal (withdrawalid, user_userid, category_categoryid, amount, date) VALUES (232, '1', '0', '1122.86', '2022-05-23');
INSERT INTO withdrawal (withdrawalid, user_userid, category_categoryid, amount, date) VALUES (233, '0', '1', '946.78', '2022-07-29');
INSERT INTO withdrawal (withdrawalid, user_userid, category_categoryid, amount, date) VALUES (234, '1', '1', '857.49', '2022-07-10');
INSERT INTO withdrawal (withdrawalid, user_userid, category_categoryid, amount, date) VALUES (235, '2', '0', '532.11', '2022-06-10');
INSERT INTO withdrawal (withdrawalid, user_userid, category_categoryid, amount, date) VALUES (236, '0', '0', '1104.79', '2022-06-28');
INSERT INTO withdrawal (withdrawalid, user_userid, category_categoryid, amount, date) VALUES (237, '2', '2', '429.85', '2022-05-26');
INSERT INTO withdrawal (withdrawalid, user_userid, category_categoryid, amount, date) VALUES (238, '1', '2', '312.24', '2022-06-26');
INSERT INTO withdrawal (withdrawalid, user_userid, category_categoryid, amount, date) VALUES (239, '2', '2', '1173.76', '2022-07-08');
INSERT INTO withdrawal (withdrawalid, user_userid, category_categoryid, amount, date) VALUES (240, '3', '2', '265.7', '2022-05-27');
INSERT INTO withdrawal (withdrawalid, user_userid, category_categoryid, amount, date) VALUES (241, '0', '1', '367.52', '2022-08-08');
INSERT INTO withdrawal (withdrawalid, user_userid, category_categoryid, amount, date) VALUES (242, '2', '1', '449.29', '2022-06-03');
INSERT INTO withdrawal (withdrawalid, user_userid, category_categoryid, amount, date) VALUES (243, '3', '2', '1046.04', '2022-08-03');
INSERT INTO withdrawal (withdrawalid, user_userid, category_categoryid, amount, date) VALUES (244, '0', '0', '1168.52', '2022-05-18');
INSERT INTO withdrawal (withdrawalid, user_userid, category_categoryid, amount, date) VALUES (245, '3', '1', '657.63', '2022-06-05');
INSERT INTO withdrawal (withdrawalid, user_userid, category_categoryid, amount, date) VALUES (246, '0', '2', '221.27', '2022-08-16');
INSERT INTO withdrawal (withdrawalid, user_userid, category_categoryid, amount, date) VALUES (247, '0', '0', '825.3', '2022-08-12');
INSERT INTO withdrawal (withdrawalid, user_userid, category_categoryid, amount, date) VALUES (248, '0', '2', '321.99', '2022-06-17');
INSERT INTO withdrawal (withdrawalid, user_userid, category_categoryid, amount, date) VALUES (249, '2', '1', '874.23', '2022-06-03');
INSERT INTO withdrawal (withdrawalid, user_userid, category_categoryid, amount, date) VALUES (250, '3', '1', '986.97', '2022-06-07');
INSERT INTO withdrawal (withdrawalid, user_userid, category_categoryid, amount, date) VALUES (251, '2', '2', '913.99', '2022-07-14');
INSERT INTO withdrawal (withdrawalid, user_userid, category_categoryid, amount, date) VALUES (252, '2', '2', '932.73', '2022-07-13');
INSERT INTO withdrawal (withdrawalid, user_userid, category_categoryid, amount, date) VALUES (253, '0', '2', '850.28', '2022-06-14');
INSERT INTO withdrawal (withdrawalid, user_userid, category_categoryid, amount, date) VALUES (254, '2', '0', '526.97', '2022-06-23');
INSERT INTO withdrawal (withdrawalid, user_userid, category_categoryid, amount, date) VALUES (255, '1', '1', '440.39', '2022-08-19');
INSERT INTO withdrawal (withdrawalid, user_userid, category_categoryid, amount, date) VALUES (256, '1', '1', '321.02', '2022-07-25');
INSERT INTO withdrawal (withdrawalid, user_userid, category_categoryid, amount, date) VALUES (257, '1', '2', '776.34', '2022-08-15');
INSERT INTO withdrawal (withdrawalid, user_userid, category_categoryid, amount, date) VALUES (258, '2', '2', '737.55', '2022-08-18');
INSERT INTO withdrawal (withdrawalid, user_userid, category_categoryid, amount, date) VALUES (259, '3', '0', '723.16', '2022-05-16');
INSERT INTO withdrawal (withdrawalid, user_userid, category_categoryid, amount, date) VALUES (260, '3', '2', '929.8', '2022-06-27');
INSERT INTO withdrawal (withdrawalid, user_userid, category_categoryid, amount, date) VALUES (261, '2', '2', '575.15', '2022-08-11');
INSERT INTO withdrawal (withdrawalid, user_userid, category_categoryid, amount, date) VALUES (262, '3', '0', '761.99', '2022-05-13');
INSERT INTO withdrawal (withdrawalid, user_userid, category_categoryid, amount, date) VALUES (263, '3', '2', '167.15', '2022-07-28');
INSERT INTO withdrawal (withdrawalid, user_userid, category_categoryid, amount, date) VALUES (264, '1', '2', '878.32', '2022-08-19');
INSERT INTO withdrawal (withdrawalid, user_userid, category_categoryid, amount, date) VALUES (265, '2', '0', '668.39', '2022-06-08');
INSERT INTO withdrawal (withdrawalid, user_userid, category_categoryid, amount, date) VALUES (266, '2', '2', '202.14', '2022-06-01');
INSERT INTO withdrawal (withdrawalid, user_userid, category_categoryid, amount, date) VALUES (267, '3', '2', '273.73', '2022-05-22');
INSERT INTO withdrawal (withdrawalid, user_userid, category_categoryid, amount, date) VALUES (268, '0', '1', '1069.74', '2022-08-07');
INSERT INTO withdrawal (withdrawalid, user_userid, category_categoryid, amount, date) VALUES (269, '0', '1', '118.16', '2022-05-25');
INSERT INTO withdrawal (withdrawalid, user_userid, category_categoryid, amount, date) VALUES (270, '0', '0', '433.62', '2022-05-14');
INSERT INTO withdrawal (withdrawalid, user_userid, category_categoryid, amount, date) VALUES (271, '0', '0', '693.24', '2022-06-05');
INSERT INTO withdrawal (withdrawalid, user_userid, category_categoryid, amount, date) VALUES (272, '1', '2', '292.07', '2022-06-18');
INSERT INTO withdrawal (withdrawalid, user_userid, category_categoryid, amount, date) VALUES (273, '2', '2', '329.73', '2022-08-10');
INSERT INTO withdrawal (withdrawalid, user_userid, category_categoryid, amount, date) VALUES (274, '3', '0', '476.08', '2022-06-01');
INSERT INTO withdrawal (withdrawalid, user_userid, category_categoryid, amount, date) VALUES (275, '1', '2', '965.19', '2022-06-03');
INSERT INTO withdrawal (withdrawalid, user_userid, category_categoryid, amount, date) VALUES (276, '2', '0', '455.16', '2022-06-27');
INSERT INTO withdrawal (withdrawalid, user_userid, category_categoryid, amount, date) VALUES (277, '2', '0', '964.61', '2022-08-12');
INSERT INTO withdrawal (withdrawalid, user_userid, category_categoryid, amount, date) VALUES (278, '0', '2', '945.85', '2022-07-12');
INSERT INTO withdrawal (withdrawalid, user_userid, category_categoryid, amount, date) VALUES (279, '0', '1', '1143.45', '2022-06-23');
INSERT INTO withdrawal (withdrawalid, user_userid, category_categoryid, amount, date) VALUES (280, '1', '1', '301.28', '2022-06-29');
INSERT INTO withdrawal (withdrawalid, user_userid, category_categoryid, amount, date) VALUES (281, '2', '1', '740.83', '2022-05-21');
INSERT INTO withdrawal (withdrawalid, user_userid, category_categoryid, amount, date) VALUES (282, '0', '0', '220.6', '2022-06-03');
INSERT INTO withdrawal (withdrawalid, user_userid, category_categoryid, amount, date) VALUES (283, '3', '2', '557.23', '2022-05-16');
INSERT INTO withdrawal (withdrawalid, user_userid, category_categoryid, amount, date) VALUES (284, '3', '1', '753.01', '2022-07-04');
INSERT INTO withdrawal (withdrawalid, user_userid, category_categoryid, amount, date) VALUES (285, '1', '2', '289.33', '2022-07-05');
INSERT INTO withdrawal (withdrawalid, user_userid, category_categoryid, amount, date) VALUES (286, '3', '0', '998.49', '2022-07-30');
INSERT INTO withdrawal (withdrawalid, user_userid, category_categoryid, amount, date) VALUES (287, '0', '0', '640.11', '2022-07-24');
INSERT INTO withdrawal (withdrawalid, user_userid, category_categoryid, amount, date) VALUES (288, '0', '2', '899.76', '2022-08-18');
INSERT INTO withdrawal (withdrawalid, user_userid, category_categoryid, amount, date) VALUES (289, '1', '2', '245.98', '2022-07-23');
INSERT INTO withdrawal (withdrawalid, user_userid, category_categoryid, amount, date) VALUES (290, '0', '0', '1177.97', '2022-06-23');
INSERT INTO withdrawal (withdrawalid, user_userid, category_categoryid, amount, date) VALUES (291, '2', '2', '1100.95', '2022-06-10');
INSERT INTO withdrawal (withdrawalid, user_userid, category_categoryid, amount, date) VALUES (292, '0', '1', '720.49', '2022-05-11');
INSERT INTO withdrawal (withdrawalid, user_userid, category_categoryid, amount, date) VALUES (293, '1', '1', '1126.97', '2022-07-13');
INSERT INTO withdrawal (withdrawalid, user_userid, category_categoryid, amount, date) VALUES (294, '0', '0', '1021.92', '2022-05-30');
INSERT INTO withdrawal (withdrawalid, user_userid, category_categoryid, amount, date) VALUES (295, '1', '0', '997.62', '2022-08-12');
INSERT INTO withdrawal (withdrawalid, user_userid, category_categoryid, amount, date) VALUES (296, '1', '0', '687.46', '2022-06-07');
INSERT INTO withdrawal (withdrawalid, user_userid, category_categoryid, amount, date) VALUES (297, '1', '2', '1187.66', '2022-06-13');
INSERT INTO withdrawal (withdrawalid, user_userid, category_categoryid, amount, date) VALUES (298, '1', '1', '788.68', '2022-08-09');
INSERT INTO withdrawal (withdrawalid, user_userid, category_categoryid, amount, date) VALUES (299, '3', '2', '123.07', '2022-07-09');
INSERT INTO withdrawal (withdrawalid, user_userid, category_categoryid, amount, date) VALUES (300, '1', '1', '985.33', '2022-06-17');
INSERT INTO withdrawal (withdrawalid, user_userid, category_categoryid, amount, date) VALUES (301, '1', '1', '349.24', '2022-06-25');
INSERT INTO withdrawal (withdrawalid, user_userid, category_categoryid, amount, date) VALUES (302, '0', '0', '488.78', '2022-07-18');
INSERT INTO withdrawal (withdrawalid, user_userid, category_categoryid, amount, date) VALUES (303, '1', '2', '361.53', '2022-08-08');
INSERT INTO withdrawal (withdrawalid, user_userid, category_categoryid, amount, date) VALUES (304, '3', '1', '121.96', '2022-07-27');
INSERT INTO withdrawal (withdrawalid, user_userid, category_categoryid, amount, date) VALUES (305, '3', '1', '221.53', '2022-07-17');
INSERT INTO withdrawal (withdrawalid, user_userid, category_categoryid, amount, date) VALUES (306, '1', '1', '215.0', '2022-07-20');
INSERT INTO withdrawal (withdrawalid, user_userid, category_categoryid, amount, date) VALUES (307, '1', '0', '989.4', '2022-06-09');
INSERT INTO withdrawal (withdrawalid, user_userid, category_categoryid, amount, date) VALUES (308, '0', '1', '521.54', '2022-07-22');
INSERT INTO withdrawal (withdrawalid, user_userid, category_categoryid, amount, date) VALUES (309, '2', '2', '431.49', '2022-07-14');
INSERT INTO withdrawal (withdrawalid, user_userid, category_categoryid, amount, date) VALUES (310, '2', '1', '419.68', '2022-06-20');
INSERT INTO withdrawal (withdrawalid, user_userid, category_categoryid, amount, date) VALUES (311, '1', '1', '1158.95', '2022-07-04');
INSERT INTO withdrawal (withdrawalid, user_userid, category_categoryid, amount, date) VALUES (312, '0', '2', '286.83', '2022-06-27');
INSERT INTO withdrawal (withdrawalid, user_userid, category_categoryid, amount, date) VALUES (313, '2', '1', '981.41', '2022-08-05');
INSERT INTO withdrawal (withdrawalid, user_userid, category_categoryid, amount, date) VALUES (314, '1', '0', '686.39', '2022-06-01');
INSERT INTO withdrawal (withdrawalid, user_userid, category_categoryid, amount, date) VALUES (315, '1', '1', '161.89', '2022-06-01');
INSERT INTO withdrawal (withdrawalid, user_userid, category_categoryid, amount, date) VALUES (316, '1', '0', '861.51', '2022-05-24');
INSERT INTO withdrawal (withdrawalid, user_userid, category_categoryid, amount, date) VALUES (317, '1', '2', '122.47', '2022-08-05');
INSERT INTO withdrawal (withdrawalid, user_userid, category_categoryid, amount, date) VALUES (318, '0', '0', '202.2', '2022-05-23');
INSERT INTO withdrawal (withdrawalid, user_userid, category_categoryid, amount, date) VALUES (319, '0', '0', '203.55', '2022-05-29');
INSERT INTO withdrawal (withdrawalid, user_userid, category_categoryid, amount, date) VALUES (320, '3', '2', '271.45', '2022-06-27');
INSERT INTO withdrawal (withdrawalid, user_userid, category_categoryid, amount, date) VALUES (321, '0', '1', '166.82', '2022-06-20');
INSERT INTO withdrawal (withdrawalid, user_userid, category_categoryid, amount, date) VALUES (322, '1', '2', '811.25', '2022-07-10');
INSERT INTO withdrawal (withdrawalid, user_userid, category_categoryid, amount, date) VALUES (323, '2', '0', '625.05', '2022-06-21');
INSERT INTO withdrawal (withdrawalid, user_userid, category_categoryid, amount, date) VALUES (324, '2', '2', '689.09', '2022-08-10');
INSERT INTO withdrawal (withdrawalid, user_userid, category_categoryid, amount, date) VALUES (325, '3', '2', '549.2', '2022-07-18');
INSERT INTO withdrawal (withdrawalid, user_userid, category_categoryid, amount, date) VALUES (326, '1', '0', '766.54', '2022-08-07');
INSERT INTO withdrawal (withdrawalid, user_userid, category_categoryid, amount, date) VALUES (327, '0', '2', '646.77', '2022-05-31');
INSERT INTO withdrawal (withdrawalid, user_userid, category_categoryid, amount, date) VALUES (328, '3', '0', '273.66', '2022-05-27');
INSERT INTO withdrawal (withdrawalid, user_userid, category_categoryid, amount, date) VALUES (329, '1', '2', '322.29', '2022-08-10');
INSERT INTO withdrawal (withdrawalid, user_userid, category_categoryid, amount, date) VALUES (330, '1', '1', '211.34', '2022-07-06');
INSERT INTO withdrawal (withdrawalid, user_userid, category_categoryid, amount, date) VALUES (331, '1', '1', '720.53', '2022-06-01');
INSERT INTO withdrawal (withdrawalid, user_userid, category_categoryid, amount, date) VALUES (332, '1', '0', '203.09', '2022-06-27');
INSERT INTO withdrawal (withdrawalid, user_userid, category_categoryid, amount, date) VALUES (333, '1', '1', '685.16', '2022-07-27');
INSERT INTO withdrawal (withdrawalid, user_userid, category_categoryid, amount, date) VALUES (334, '3', '2', '719.52', '2022-07-12');
INSERT INTO withdrawal (withdrawalid, user_userid, category_categoryid, amount, date) VALUES (335, '2', '2', '488.84', '2022-06-19');
INSERT INTO withdrawal (withdrawalid, user_userid, category_categoryid, amount, date) VALUES (336, '0', '2', '101.63', '2022-06-21');
INSERT INTO withdrawal (withdrawalid, user_userid, category_categoryid, amount, date) VALUES (337, '0', '2', '618.71', '2022-08-04');
INSERT INTO withdrawal (withdrawalid, user_userid, category_categoryid, amount, date) VALUES (338, '0', '0', '507.4', '2022-08-03');
INSERT INTO withdrawal (withdrawalid, user_userid, category_categoryid, amount, date) VALUES (339, '0', '2', '683.16', '2022-07-10');
INSERT INTO withdrawal (withdrawalid, user_userid, category_categoryid, amount, date) VALUES (340, '0', '1', '810.03', '2022-06-17');
INSERT INTO withdrawal (withdrawalid, user_userid, category_categoryid, amount, date) VALUES (341, '1', '1', '1122.17', '2022-06-18');
INSERT INTO withdrawal (withdrawalid, user_userid, category_categoryid, amount, date) VALUES (342, '1', '0', '859.62', '2022-08-16');
INSERT INTO withdrawal (withdrawalid, user_userid, category_categoryid, amount, date) VALUES (343, '0', '0', '605.49', '2022-06-02');
INSERT INTO withdrawal (withdrawalid, user_userid, category_categoryid, amount, date) VALUES (344, '2', '2', '749.91', '2022-08-17');
INSERT INTO withdrawal (withdrawalid, user_userid, category_categoryid, amount, date) VALUES (345, '0', '0', '544.27', '2022-06-30');
INSERT INTO withdrawal (withdrawalid, user_userid, category_categoryid, amount, date) VALUES (346, '2', '2', '666.28', '2022-08-16');
INSERT INTO withdrawal (withdrawalid, user_userid, category_categoryid, amount, date) VALUES (347, '1', '0', '153.26', '2022-07-08');
INSERT INTO withdrawal (withdrawalid, user_userid, category_categoryid, amount, date) VALUES (348, '2', '0', '335.5', '2022-08-11');
INSERT INTO withdrawal (withdrawalid, user_userid, category_categoryid, amount, date) VALUES (349, '3', '1', '795.61', '2022-05-12');
INSERT INTO withdrawal (withdrawalid, user_userid, category_categoryid, amount, date) VALUES (350, '1', '0', '567.45', '2022-06-27');
INSERT INTO withdrawal (withdrawalid, user_userid, category_categoryid, amount, date) VALUES (351, '2', '2', '938.62', '2022-08-19');
INSERT INTO withdrawal (withdrawalid, user_userid, category_categoryid, amount, date) VALUES (352, '0', '2', '376.11', '2022-06-03');
INSERT INTO withdrawal (withdrawalid, user_userid, category_categoryid, amount, date) VALUES (353, '1', '2', '818.47', '2022-06-20');
INSERT INTO withdrawal (withdrawalid, user_userid, category_categoryid, amount, date) VALUES (354, '2', '0', '237.36', '2022-06-20');
INSERT INTO withdrawal (withdrawalid, user_userid, category_categoryid, amount, date) VALUES (355, '3', '2', '731.99', '2022-06-01');
INSERT INTO withdrawal (withdrawalid, user_userid, category_categoryid, amount, date) VALUES (356, '0', '2', '506.55', '2022-06-05');
INSERT INTO withdrawal (withdrawalid, user_userid, category_categoryid, amount, date) VALUES (357, '2', '2', '154.88', '2022-07-01');
INSERT INTO withdrawal (withdrawalid, user_userid, category_categoryid, amount, date) VALUES (358, '1', '1', '1072.16', '2022-07-11');
INSERT INTO withdrawal (withdrawalid, user_userid, category_categoryid, amount, date) VALUES (359, '3', '1', '934.75', '2022-08-02');
INSERT INTO withdrawal (withdrawalid, user_userid, category_categoryid, amount, date) VALUES (360, '0', '0', '200.61', '2022-06-17');
INSERT INTO withdrawal (withdrawalid, user_userid, category_categoryid, amount, date) VALUES (361, '3', '0', '171.2', '2022-05-13');
INSERT INTO withdrawal (withdrawalid, user_userid, category_categoryid, amount, date) VALUES (362, '2', '0', '959.57', '2022-05-26');
INSERT INTO withdrawal (withdrawalid, user_userid, category_categoryid, amount, date) VALUES (363, '3', '1', '430.11', '2022-07-24');
INSERT INTO withdrawal (withdrawalid, user_userid, category_categoryid, amount, date) VALUES (364, '3', '0', '560.23', '2022-05-27');
INSERT INTO withdrawal (withdrawalid, user_userid, category_categoryid, amount, date) VALUES (365, '1', '2', '1143.31', '2022-06-18');
INSERT INTO withdrawal (withdrawalid, user_userid, category_categoryid, amount, date) VALUES (366, '1', '2', '330.87', '2022-06-24');
INSERT INTO withdrawal (withdrawalid, user_userid, category_categoryid, amount, date) VALUES (367, '3', '1', '841.26', '2022-05-29');
INSERT INTO withdrawal (withdrawalid, user_userid, category_categoryid, amount, date) VALUES (368, '2', '1', '915.91', '2022-07-20');
INSERT INTO withdrawal (withdrawalid, user_userid, category_categoryid, amount, date) VALUES (369, '0', '0', '617.51', '2022-08-14');
INSERT INTO withdrawal (withdrawalid, user_userid, category_categoryid, amount, date) VALUES (370, '1', '2', '369.42', '2022-08-08');
INSERT INTO withdrawal (withdrawalid, user_userid, category_categoryid, amount, date) VALUES (371, '3', '0', '1170.95', '2022-06-10');
INSERT INTO withdrawal (withdrawalid, user_userid, category_categoryid, amount, date) VALUES (372, '3', '0', '358.86', '2022-06-06');
INSERT INTO withdrawal (withdrawalid, user_userid, category_categoryid, amount, date) VALUES (373, '3', '0', '1159.3', '2022-05-28');
INSERT INTO withdrawal (withdrawalid, user_userid, category_categoryid, amount, date) VALUES (374, '0', '0', '682.98', '2022-06-23');
INSERT INTO withdrawal (withdrawalid, user_userid, category_categoryid, amount, date) VALUES (375, '3', '1', '109.38', '2022-06-18');
INSERT INTO withdrawal (withdrawalid, user_userid, category_categoryid, amount, date) VALUES (376, '0', '1', '620.88', '2022-06-15');
INSERT INTO withdrawal (withdrawalid, user_userid, category_categoryid, amount, date) VALUES (377, '1', '1', '811.21', '2022-07-31');
INSERT INTO withdrawal (withdrawalid, user_userid, category_categoryid, amount, date) VALUES (378, '3', '1', '621.4', '2022-07-21');
INSERT INTO withdrawal (withdrawalid, user_userid, category_categoryid, amount, date) VALUES (379, '0', '0', '927.45', '2022-08-19');
INSERT INTO withdrawal (withdrawalid, user_userid, category_categoryid, amount, date) VALUES (380, '2', '1', '441.52', '2022-08-14');
INSERT INTO withdrawal (withdrawalid, user_userid, category_categoryid, amount, date) VALUES (381, '2', '1', '438.7', '2022-06-05');
INSERT INTO withdrawal (withdrawalid, user_userid, category_categoryid, amount, date) VALUES (382, '3', '1', '284.03', '2022-06-13');
INSERT INTO withdrawal (withdrawalid, user_userid, category_categoryid, amount, date) VALUES (383, '3', '2', '583.94', '2022-07-11');
INSERT INTO withdrawal (withdrawalid, user_userid, category_categoryid, amount, date) VALUES (384, '3', '1', '387.86', '2022-05-19');
INSERT INTO withdrawal (withdrawalid, user_userid, category_categoryid, amount, date) VALUES (385, '3', '1', '552.77', '2022-06-12');
INSERT INTO withdrawal (withdrawalid, user_userid, category_categoryid, amount, date) VALUES (386, '1', '1', '537.23', '2022-05-25');
INSERT INTO withdrawal (withdrawalid, user_userid, category_categoryid, amount, date) VALUES (387, '2', '1', '957.19', '2022-06-10');
INSERT INTO withdrawal (withdrawalid, user_userid, category_categoryid, amount, date) VALUES (388, '3', '2', '1025.14', '2022-08-03');
INSERT INTO withdrawal (withdrawalid, user_userid, category_categoryid, amount, date) VALUES (389, '1', '1', '1084.11', '2022-08-01');
INSERT INTO withdrawal (withdrawalid, user_userid, category_categoryid, amount, date) VALUES (390, '0', '1', '120.31', '2022-06-15');
INSERT INTO withdrawal (withdrawalid, user_userid, category_categoryid, amount, date) VALUES (391, '0', '0', '698.12', '2022-05-23');
INSERT INTO withdrawal (withdrawalid, user_userid, category_categoryid, amount, date) VALUES (392, '1', '2', '1098.18', '2022-05-27');
INSERT INTO withdrawal (withdrawalid, user_userid, category_categoryid, amount, date) VALUES (393, '2', '1', '629.48', '2022-05-15');
INSERT INTO withdrawal (withdrawalid, user_userid, category_categoryid, amount, date) VALUES (394, '1', '2', '1043.54', '2022-06-10');
INSERT INTO withdrawal (withdrawalid, user_userid, category_categoryid, amount, date) VALUES (395, '1', '2', '792.16', '2022-08-01');
INSERT INTO withdrawal (withdrawalid, user_userid, category_categoryid, amount, date) VALUES (396, '0', '1', '1116.67', '2022-07-15');
INSERT INTO withdrawal (withdrawalid, user_userid, category_categoryid, amount, date) VALUES (397, '3', '1', '671.69', '2022-08-06');
INSERT INTO withdrawal (withdrawalid, user_userid, category_categoryid, amount, date) VALUES (398, '1', '0', '195.92', '2022-06-27');
INSERT INTO withdrawal (withdrawalid, user_userid, category_categoryid, amount, date) VALUES (399, '1', '2', '297.15', '2022-08-18');
INSERT INTO withdrawal (withdrawalid, user_userid, category_categoryid, amount, date) VALUES (400, '0', '2', '413.7', '2022-06-06');
INSERT INTO withdrawal (withdrawalid, user_userid, category_categoryid, amount, date) VALUES (401, '3', '2', '537.54', '2022-08-10');
INSERT INTO withdrawal (withdrawalid, user_userid, category_categoryid, amount, date) VALUES (402, '0', '0', '1071.68', '2022-08-04');
INSERT INTO withdrawal (withdrawalid, user_userid, category_categoryid, amount, date) VALUES (403, '1', '2', '353.63', '2022-06-27');
INSERT INTO withdrawal (withdrawalid, user_userid, category_categoryid, amount, date) VALUES (404, '0', '0', '152.34', '2022-06-10');
INSERT INTO withdrawal (withdrawalid, user_userid, category_categoryid, amount, date) VALUES (405, '1', '2', '120.62', '2022-07-30');
INSERT INTO withdrawal (withdrawalid, user_userid, category_categoryid, amount, date) VALUES (406, '1', '1', '564.89', '2022-05-16');
INSERT INTO withdrawal (withdrawalid, user_userid, category_categoryid, amount, date) VALUES (407, '3', '1', '423.03', '2022-05-22');
INSERT INTO withdrawal (withdrawalid, user_userid, category_categoryid, amount, date) VALUES (408, '2', '2', '695.45', '2022-05-23');
INSERT INTO withdrawal (withdrawalid, user_userid, category_categoryid, amount, date) VALUES (409, '1', '2', '268.78', '2022-07-09');
INSERT INTO withdrawal (withdrawalid, user_userid, category_categoryid, amount, date) VALUES (410, '0', '0', '1181.5', '2022-06-24');
INSERT INTO withdrawal (withdrawalid, user_userid, category_categoryid, amount, date) VALUES (411, '2', '0', '1022.39', '2022-07-27');
INSERT INTO withdrawal (withdrawalid, user_userid, category_categoryid, amount, date) VALUES (412, '0', '2', '517.38', '2022-08-12');
INSERT INTO withdrawal (withdrawalid, user_userid, category_categoryid, amount, date) VALUES (413, '1', '0', '687.61', '2022-07-17');
INSERT INTO withdrawal (withdrawalid, user_userid, category_categoryid, amount, date) VALUES (414, '3', '2', '244.43', '2022-06-05');
INSERT INTO withdrawal (withdrawalid, user_userid, category_categoryid, amount, date) VALUES (415, '1', '1', '381.92', '2022-05-20');
INSERT INTO withdrawal (withdrawalid, user_userid, category_categoryid, amount, date) VALUES (416, '2', '1', '544.5', '2022-07-10');
INSERT INTO withdrawal (withdrawalid, user_userid, category_categoryid, amount, date) VALUES (417, '1', '1', '356.16', '2022-07-16');
INSERT INTO withdrawal (withdrawalid, user_userid, category_categoryid, amount, date) VALUES (418, '0', '0', '723.5', '2022-06-04');
INSERT INTO withdrawal (withdrawalid, user_userid, category_categoryid, amount, date) VALUES (419, '0', '1', '226.81', '2022-06-13');
INSERT INTO withdrawal (withdrawalid, user_userid, category_categoryid, amount, date) VALUES (420, '3', '2', '333.72', '2022-08-06');
INSERT INTO withdrawal (withdrawalid, user_userid, category_categoryid, amount, date) VALUES (421, '1', '1', '328.58', '2022-06-22');
INSERT INTO withdrawal (withdrawalid, user_userid, category_categoryid, amount, date) VALUES (422, '2', '2', '931.5', '2022-07-20');
INSERT INTO withdrawal (withdrawalid, user_userid, category_categoryid, amount, date) VALUES (423, '0', '2', '912.98', '2022-05-26');
INSERT INTO withdrawal (withdrawalid, user_userid, category_categoryid, amount, date) VALUES (424, '3', '1', '795.17', '2022-07-25');
INSERT INTO withdrawal (withdrawalid, user_userid, category_categoryid, amount, date) VALUES (425, '1', '2', '314.69', '2022-08-13');
INSERT INTO withdrawal (withdrawalid, user_userid, category_categoryid, amount, date) VALUES (426, '1', '0', '965.59', '2022-07-28');
INSERT INTO withdrawal (withdrawalid, user_userid, category_categoryid, amount, date) VALUES (427, '1', '0', '587.87', '2022-08-19');
INSERT INTO withdrawal (withdrawalid, user_userid, category_categoryid, amount, date) VALUES (428, '3', '0', '258.03', '2022-05-14');
INSERT INTO withdrawal (withdrawalid, user_userid, category_categoryid, amount, date) VALUES (429, '3', '0', '451.54', '2022-07-22');
INSERT INTO withdrawal (withdrawalid, user_userid, category_categoryid, amount, date) VALUES (430, '2', '0', '1119.74', '2022-06-19');
INSERT INTO withdrawal (withdrawalid, user_userid, category_categoryid, amount, date) VALUES (431, '1', '2', '789.96', '2022-05-25');
INSERT INTO withdrawal (withdrawalid, user_userid, category_categoryid, amount, date) VALUES (432, '0', '0', '117.67', '2022-07-20');
INSERT INTO withdrawal (withdrawalid, user_userid, category_categoryid, amount, date) VALUES (433, '3', '1', '173.59', '2022-06-29');
INSERT INTO withdrawal (withdrawalid, user_userid, category_categoryid, amount, date) VALUES (434, '0', '0', '564.78', '2022-06-12');
INSERT INTO withdrawal (withdrawalid, user_userid, category_categoryid, amount, date) VALUES (435, '3', '1', '1114.71', '2022-08-13');
INSERT INTO withdrawal (withdrawalid, user_userid, category_categoryid, amount, date) VALUES (436, '2', '1', '1110.1', '2022-07-11');
INSERT INTO withdrawal (withdrawalid, user_userid, category_categoryid, amount, date) VALUES (437, '2', '0', '713.05', '2022-07-19');
INSERT INTO withdrawal (withdrawalid, user_userid, category_categoryid, amount, date) VALUES (438, '0', '2', '731.73', '2022-07-20');
INSERT INTO withdrawal (withdrawalid, user_userid, category_categoryid, amount, date) VALUES (439, '3', '2', '683.71', '2022-05-20');
INSERT INTO withdrawal (withdrawalid, user_userid, category_categoryid, amount, date) VALUES (440, '0', '2', '715.85', '2022-06-14');
INSERT INTO withdrawal (withdrawalid, user_userid, category_categoryid, amount, date) VALUES (441, '3', '1', '1184.65', '2022-08-04');
INSERT INTO withdrawal (withdrawalid, user_userid, category_categoryid, amount, date) VALUES (442, '3', '1', '191.2', '2022-07-20');
INSERT INTO withdrawal (withdrawalid, user_userid, category_categoryid, amount, date) VALUES (443, '3', '0', '254.13', '2022-07-03');
INSERT INTO withdrawal (withdrawalid, user_userid, category_categoryid, amount, date) VALUES (444, '3', '0', '792.04', '2022-06-27');
INSERT INTO withdrawal (withdrawalid, user_userid, category_categoryid, amount, date) VALUES (445, '2', '2', '299.42', '2022-05-16');
INSERT INTO withdrawal (withdrawalid, user_userid, category_categoryid, amount, date) VALUES (446, '0', '0', '853.2', '2022-06-15');
INSERT INTO withdrawal (withdrawalid, user_userid, category_categoryid, amount, date) VALUES (447, '2', '0', '762.59', '2022-06-09');
INSERT INTO withdrawal (withdrawalid, user_userid, category_categoryid, amount, date) VALUES (448, '1', '0', '459.76', '2022-05-21');
INSERT INTO withdrawal (withdrawalid, user_userid, category_categoryid, amount, date) VALUES (449, '2', '1', '422.51', '2022-06-30');
INSERT INTO withdrawal (withdrawalid, user_userid, category_categoryid, amount, date) VALUES (450, '0', '0', '521.33', '2022-06-16');
INSERT INTO withdrawal (withdrawalid, user_userid, category_categoryid, amount, date) VALUES (451, '0', '2', '989.07', '2022-07-16');
INSERT INTO withdrawal (withdrawalid, user_userid, category_categoryid, amount, date) VALUES (452, '0', '0', '107.89', '2022-05-28');
INSERT INTO withdrawal (withdrawalid, user_userid, category_categoryid, amount, date) VALUES (453, '2', '1', '227.8', '2022-07-14');
INSERT INTO withdrawal (withdrawalid, user_userid, category_categoryid, amount, date) VALUES (454, '3', '1', '614.54', '2022-08-11');
INSERT INTO withdrawal (withdrawalid, user_userid, category_categoryid, amount, date) VALUES (455, '2', '1', '849.5', '2022-06-17');
INSERT INTO withdrawal (withdrawalid, user_userid, category_categoryid, amount, date) VALUES (456, '1', '0', '858.49', '2022-07-22');
INSERT INTO withdrawal (withdrawalid, user_userid, category_categoryid, amount, date) VALUES (457, '1', '2', '1120.47', '2022-07-07');
INSERT INTO withdrawal (withdrawalid, user_userid, category_categoryid, amount, date) VALUES (458, '0', '1', '853.74', '2022-07-30');
INSERT INTO withdrawal (withdrawalid, user_userid, category_categoryid, amount, date) VALUES (459, '3', '1', '1066.7', '2022-06-10');
INSERT INTO withdrawal (withdrawalid, user_userid, category_categoryid, amount, date) VALUES (460, '0', '0', '436.92', '2022-06-17');
INSERT INTO withdrawal (withdrawalid, user_userid, category_categoryid, amount, date) VALUES (461, '2', '1', '603.57', '2022-06-09');
INSERT INTO withdrawal (withdrawalid, user_userid, category_categoryid, amount, date) VALUES (462, '2', '0', '369.92', '2022-06-19');
INSERT INTO withdrawal (withdrawalid, user_userid, category_categoryid, amount, date) VALUES (463, '0', '2', '371.68', '2022-07-21');
INSERT INTO withdrawal (withdrawalid, user_userid, category_categoryid, amount, date) VALUES (464, '3', '1', '584.54', '2022-06-01');
INSERT INTO withdrawal (withdrawalid, user_userid, category_categoryid, amount, date) VALUES (465, '3', '0', '380.26', '2022-06-23');
INSERT INTO withdrawal (withdrawalid, user_userid, category_categoryid, amount, date) VALUES (466, '1', '2', '635.31', '2022-08-16');
INSERT INTO withdrawal (withdrawalid, user_userid, category_categoryid, amount, date) VALUES (467, '2', '1', '975.12', '2022-05-18');
INSERT INTO withdrawal (withdrawalid, user_userid, category_categoryid, amount, date) VALUES (468, '3', '2', '257.19', '2022-07-22');
INSERT INTO withdrawal (withdrawalid, user_userid, category_categoryid, amount, date) VALUES (469, '3', '0', '618.43', '2022-08-17');
INSERT INTO withdrawal (withdrawalid, user_userid, category_categoryid, amount, date) VALUES (470, '3', '1', '908.33', '2022-06-16');
INSERT INTO withdrawal (withdrawalid, user_userid, category_categoryid, amount, date) VALUES (471, '2', '0', '321.79', '2022-08-17');
INSERT INTO withdrawal (withdrawalid, user_userid, category_categoryid, amount, date) VALUES (472, '0', '0', '250.09', '2022-05-31');
INSERT INTO withdrawal (withdrawalid, user_userid, category_categoryid, amount, date) VALUES (473, '3', '2', '733.76', '2022-06-08');
INSERT INTO withdrawal (withdrawalid, user_userid, category_categoryid, amount, date) VALUES (474, '2', '0', '389.54', '2022-08-03');
INSERT INTO withdrawal (withdrawalid, user_userid, category_categoryid, amount, date) VALUES (475, '2', '2', '865.09', '2022-07-10');
INSERT INTO withdrawal (withdrawalid, user_userid, category_categoryid, amount, date) VALUES (476, '3', '0', '959.87', '2022-06-16');
INSERT INTO withdrawal (withdrawalid, user_userid, category_categoryid, amount, date) VALUES (477, '1', '0', '636.78', '2022-07-19');
INSERT INTO withdrawal (withdrawalid, user_userid, category_categoryid, amount, date) VALUES (478, '3', '0', '108.96', '2022-07-27');
INSERT INTO withdrawal (withdrawalid, user_userid, category_categoryid, amount, date) VALUES (479, '2', '0', '923.04', '2022-07-06');
INSERT INTO withdrawal (withdrawalid, user_userid, category_categoryid, amount, date) VALUES (480, '2', '0', '217.1', '2022-05-31');
INSERT INTO withdrawal (withdrawalid, user_userid, category_categoryid, amount, date) VALUES (481, '1', '1', '544.02', '2022-05-14');
INSERT INTO withdrawal (withdrawalid, user_userid, category_categoryid, amount, date) VALUES (482, '0', '2', '138.37', '2022-05-26');
INSERT INTO withdrawal (withdrawalid, user_userid, category_categoryid, amount, date) VALUES (483, '2', '0', '494.19', '2022-05-19');
INSERT INTO withdrawal (withdrawalid, user_userid, category_categoryid, amount, date) VALUES (484, '2', '2', '286.18', '2022-05-11');
INSERT INTO withdrawal (withdrawalid, user_userid, category_categoryid, amount, date) VALUES (485, '1', '0', '946.79', '2022-07-16');
INSERT INTO withdrawal (withdrawalid, user_userid, category_categoryid, amount, date) VALUES (486, '1', '2', '571.4', '2022-06-18');
INSERT INTO withdrawal (withdrawalid, user_userid, category_categoryid, amount, date) VALUES (487, '0', '0', '1026.45', '2022-05-20');
INSERT INTO withdrawal (withdrawalid, user_userid, category_categoryid, amount, date) VALUES (488, '0', '2', '582.23', '2022-06-11');
INSERT INTO withdrawal (withdrawalid, user_userid, category_categoryid, amount, date) VALUES (489, '3', '1', '363.04', '2022-05-20');
INSERT INTO withdrawal (withdrawalid, user_userid, category_categoryid, amount, date) VALUES (490, '2', '0', '359.38', '2022-07-06');
INSERT INTO withdrawal (withdrawalid, user_userid, category_categoryid, amount, date) VALUES (491, '1', '2', '1107.01', '2022-08-06');
INSERT INTO withdrawal (withdrawalid, user_userid, category_categoryid, amount, date) VALUES (492, '2', '0', '327.33', '2022-07-15');
INSERT INTO withdrawal (withdrawalid, user_userid, category_categoryid, amount, date) VALUES (493, '2', '0', '492.27', '2022-05-20');
INSERT INTO withdrawal (withdrawalid, user_userid, category_categoryid, amount, date) VALUES (494, '1', '1', '476.7', '2022-08-18');
INSERT INTO withdrawal (withdrawalid, user_userid, category_categoryid, amount, date) VALUES (495, '1', '1', '910.13', '2022-07-15');
INSERT INTO withdrawal (withdrawalid, user_userid, category_categoryid, amount, date) VALUES (496, '3', '0', '402.04', '2022-07-10');
INSERT INTO withdrawal (withdrawalid, user_userid, category_categoryid, amount, date) VALUES (497, '2', '2', '636.5', '2022-06-02');
INSERT INTO withdrawal (withdrawalid, user_userid, category_categoryid, amount, date) VALUES (498, '2', '2', '498.85', '2022-08-11');
INSERT INTO withdrawal (withdrawalid, user_userid, category_categoryid, amount, date) VALUES (499, '1', '2', '1085.65', '2022-06-26');
INSERT INTO withdrawal (withdrawalid, user_userid, category_categoryid, amount, date) VALUES (500, '3', '1', '767.35', '2022-07-26');
INSERT INTO withdrawal (withdrawalid, user_userid, category_categoryid, amount, date) VALUES (501, '3', '0', '1023.9', '2022-05-21');
INSERT INTO withdrawal (withdrawalid, user_userid, category_categoryid, amount, date) VALUES (502, '1', '1', '1108.7', '2022-06-13');
INSERT INTO withdrawal (withdrawalid, user_userid, category_categoryid, amount, date) VALUES (503, '3', '1', '1012.5', '2022-08-17');
INSERT INTO withdrawal (withdrawalid, user_userid, category_categoryid, amount, date) VALUES (504, '1', '1', '1038.0', '2022-06-04');
INSERT INTO withdrawal (withdrawalid, user_userid, category_categoryid, amount, date) VALUES (505, '2', '0', '127.82', '2022-06-17');
INSERT INTO withdrawal (withdrawalid, user_userid, category_categoryid, amount, date) VALUES (506, '3', '0', '646.96', '2022-08-04');
INSERT INTO withdrawal (withdrawalid, user_userid, category_categoryid, amount, date) VALUES (507, '0', '0', '1060.3', '2022-07-31');
INSERT INTO withdrawal (withdrawalid, user_userid, category_categoryid, amount, date) VALUES (508, '3', '0', '425.31', '2022-05-11');
INSERT INTO withdrawal (withdrawalid, user_userid, category_categoryid, amount, date) VALUES (509, '2', '1', '849.44', '2022-07-26');
INSERT INTO withdrawal (withdrawalid, user_userid, category_categoryid, amount, date) VALUES (510, '0', '2', '362.48', '2022-06-26');
INSERT INTO withdrawal (withdrawalid, user_userid, category_categoryid, amount, date) VALUES (511, '1', '1', '677.26', '2022-05-29');
INSERT INTO withdrawal (withdrawalid, user_userid, category_categoryid, amount, date) VALUES (512, '2', '1', '1042.57', '2022-07-19');
INSERT INTO withdrawal (withdrawalid, user_userid, category_categoryid, amount, date) VALUES (513, '0', '0', '635.36', '2022-07-17');
INSERT INTO withdrawal (withdrawalid, user_userid, category_categoryid, amount, date) VALUES (514, '1', '0', '1142.03', '2022-06-27');
INSERT INTO withdrawal (withdrawalid, user_userid, category_categoryid, amount, date) VALUES (515, '3', '2', '940.76', '2022-06-16');
INSERT INTO withdrawal (withdrawalid, user_userid, category_categoryid, amount, date) VALUES (516, '2', '0', '353.46', '2022-07-16');
INSERT INTO withdrawal (withdrawalid, user_userid, category_categoryid, amount, date) VALUES (517, '3', '2', '336.4', '2022-06-14');
INSERT INTO withdrawal (withdrawalid, user_userid, category_categoryid, amount, date) VALUES (518, '0', '0', '141.16', '2022-08-08');
INSERT INTO withdrawal (withdrawalid, user_userid, category_categoryid, amount, date) VALUES (519, '0', '2', '1138.43', '2022-05-22');
INSERT INTO withdrawal (withdrawalid, user_userid, category_categoryid, amount, date) VALUES (520, '1', '1', '494.49', '2022-08-19');
INSERT INTO withdrawal (withdrawalid, user_userid, category_categoryid, amount, date) VALUES (521, '2', '0', '877.48', '2022-07-31');
INSERT INTO withdrawal (withdrawalid, user_userid, category_categoryid, amount, date) VALUES (522, '0', '2', '649.29', '2022-06-29');
INSERT INTO withdrawal (withdrawalid, user_userid, category_categoryid, amount, date) VALUES (523, '0', '0', '210.34', '2022-06-19');
INSERT INTO withdrawal (withdrawalid, user_userid, category_categoryid, amount, date) VALUES (524, '0', '1', '354.59', '2022-07-06');
INSERT INTO withdrawal (withdrawalid, user_userid, category_categoryid, amount, date) VALUES (525, '1', '0', '501.37', '2022-06-28');
INSERT INTO withdrawal (withdrawalid, user_userid, category_categoryid, amount, date) VALUES (526, '1', '1', '380.68', '2022-07-27');
INSERT INTO withdrawal (withdrawalid, user_userid, category_categoryid, amount, date) VALUES (527, '0', '1', '837.78', '2022-07-17');
INSERT INTO withdrawal (withdrawalid, user_userid, category_categoryid, amount, date) VALUES (528, '1', '1', '256.05', '2022-07-16');
INSERT INTO withdrawal (withdrawalid, user_userid, category_categoryid, amount, date) VALUES (529, '2', '1', '588.71', '2022-06-16');
INSERT INTO withdrawal (withdrawalid, user_userid, category_categoryid, amount, date) VALUES (530, '3', '1', '435.21', '2022-07-15');
INSERT INTO withdrawal (withdrawalid, user_userid, category_categoryid, amount, date) VALUES (531, '2', '1', '691.07', '2022-07-30');
INSERT INTO withdrawal (withdrawalid, user_userid, category_categoryid, amount, date) VALUES (532, '1', '2', '138.74', '2022-06-29');
INSERT INTO withdrawal (withdrawalid, user_userid, category_categoryid, amount, date) VALUES (533, '1', '0', '611.19', '2022-06-26');
INSERT INTO withdrawal (withdrawalid, user_userid, category_categoryid, amount, date) VALUES (534, '2', '1', '397.68', '2022-05-29');
INSERT INTO withdrawal (withdrawalid, user_userid, category_categoryid, amount, date) VALUES (535, '3', '0', '693.27', '2022-08-02');
INSERT INTO withdrawal (withdrawalid, user_userid, category_categoryid, amount, date) VALUES (536, '2', '1', '810.4', '2022-08-17');
INSERT INTO withdrawal (withdrawalid, user_userid, category_categoryid, amount, date) VALUES (537, '1', '1', '213.62', '2022-06-02');
INSERT INTO withdrawal (withdrawalid, user_userid, category_categoryid, amount, date) VALUES (538, '0', '2', '619.2', '2022-08-07');
INSERT INTO withdrawal (withdrawalid, user_userid, category_categoryid, amount, date) VALUES (539, '3', '1', '258.85', '2022-07-23');
INSERT INTO withdrawal (withdrawalid, user_userid, category_categoryid, amount, date) VALUES (540, '1', '0', '233.7', '2022-06-21');
INSERT INTO withdrawal (withdrawalid, user_userid, category_categoryid, amount, date) VALUES (541, '1', '1', '151.49', '2022-05-13');
INSERT INTO withdrawal (withdrawalid, user_userid, category_categoryid, amount, date) VALUES (542, '1', '1', '733.08', '2022-05-23');
INSERT INTO withdrawal (withdrawalid, user_userid, category_categoryid, amount, date) VALUES (543, '3', '0', '314.64', '2022-06-15');
INSERT INTO withdrawal (withdrawalid, user_userid, category_categoryid, amount, date) VALUES (544, '0', '2', '569.75', '2022-06-22');
INSERT INTO withdrawal (withdrawalid, user_userid, category_categoryid, amount, date) VALUES (545, '1', '0', '934.32', '2022-05-31');
INSERT INTO withdrawal (withdrawalid, user_userid, category_categoryid, amount, date) VALUES (546, '1', '0', '1195.81', '2022-08-14');
INSERT INTO withdrawal (withdrawalid, user_userid, category_categoryid, amount, date) VALUES (547, '3', '2', '643.22', '2022-08-12');
INSERT INTO withdrawal (withdrawalid, user_userid, category_categoryid, amount, date) VALUES (548, '1', '2', '1096.11', '2022-05-13');
INSERT INTO withdrawal (withdrawalid, user_userid, category_categoryid, amount, date) VALUES (549, '0', '0', '355.62', '2022-06-20');
INSERT INTO withdrawal (withdrawalid, user_userid, category_categoryid, amount, date) VALUES (550, '1', '1', '259.22', '2022-05-31');
INSERT INTO withdrawal (withdrawalid, user_userid, category_categoryid, amount, date) VALUES (551, '2', '2', '922.03', '2022-08-11');
INSERT INTO withdrawal (withdrawalid, user_userid, category_categoryid, amount, date) VALUES (552, '2', '2', '1036.08', '2022-07-17');
INSERT INTO withdrawal (withdrawalid, user_userid, category_categoryid, amount, date) VALUES (553, '2', '2', '948.26', '2022-08-03');
INSERT INTO withdrawal (withdrawalid, user_userid, category_categoryid, amount, date) VALUES (554, '1', '2', '196.06', '2022-06-05');
INSERT INTO withdrawal (withdrawalid, user_userid, category_categoryid, amount, date) VALUES (555, '0', '0', '188.23', '2022-06-03');
INSERT INTO withdrawal (withdrawalid, user_userid, category_categoryid, amount, date) VALUES (556, '3', '1', '1197.38', '2022-06-03');
INSERT INTO withdrawal (withdrawalid, user_userid, category_categoryid, amount, date) VALUES (557, '0', '0', '702.45', '2022-06-10');
INSERT INTO withdrawal (withdrawalid, user_userid, category_categoryid, amount, date) VALUES (558, '2', '2', '936.27', '2022-07-15');
INSERT INTO withdrawal (withdrawalid, user_userid, category_categoryid, amount, date) VALUES (559, '1', '1', '1164.44', '2022-08-09');
INSERT INTO withdrawal (withdrawalid, user_userid, category_categoryid, amount, date) VALUES (560, '1', '1', '542.8', '2022-08-12');
INSERT INTO withdrawal (withdrawalid, user_userid, category_categoryid, amount, date) VALUES (561, '2', '1', '924.81', '2022-08-08');
INSERT INTO withdrawal (withdrawalid, user_userid, category_categoryid, amount, date) VALUES (562, '3', '2', '125.52', '2022-07-25');
INSERT INTO withdrawal (withdrawalid, user_userid, category_categoryid, amount, date) VALUES (563, '2', '2', '511.17', '2022-08-17');
INSERT INTO withdrawal (withdrawalid, user_userid, category_categoryid, amount, date) VALUES (564, '1', '0', '838.48', '2022-08-15');
INSERT INTO withdrawal (withdrawalid, user_userid, category_categoryid, amount, date) VALUES (565, '3', '2', '378.04', '2022-06-29');
INSERT INTO withdrawal (withdrawalid, user_userid, category_categoryid, amount, date) VALUES (566, '1', '0', '1087.68', '2022-06-21');
INSERT INTO withdrawal (withdrawalid, user_userid, category_categoryid, amount, date) VALUES (567, '2', '1', '853.82', '2022-07-08');
INSERT INTO withdrawal (withdrawalid, user_userid, category_categoryid, amount, date) VALUES (568, '3', '1', '529.19', '2022-08-14');
INSERT INTO withdrawal (withdrawalid, user_userid, category_categoryid, amount, date) VALUES (569, '0', '1', '273.32', '2022-07-18');
INSERT INTO withdrawal (withdrawalid, user_userid, category_categoryid, amount, date) VALUES (570, '1', '2', '732.21', '2022-07-13');
INSERT INTO withdrawal (withdrawalid, user_userid, category_categoryid, amount, date) VALUES (571, '2', '1', '1012.15', '2022-05-29');
INSERT INTO withdrawal (withdrawalid, user_userid, category_categoryid, amount, date) VALUES (572, '1', '0', '860.64', '2022-07-23');
INSERT INTO withdrawal (withdrawalid, user_userid, category_categoryid, amount, date) VALUES (573, '3', '1', '732.6', '2022-08-10');
INSERT INTO withdrawal (withdrawalid, user_userid, category_categoryid, amount, date) VALUES (574, '0', '0', '368.8', '2022-06-05');
INSERT INTO withdrawal (withdrawalid, user_userid, category_categoryid, amount, date) VALUES (575, '1', '0', '1088.45', '2022-06-21');
INSERT INTO withdrawal (withdrawalid, user_userid, category_categoryid, amount, date) VALUES (576, '0', '1', '987.54', '2022-07-29');
INSERT INTO withdrawal (withdrawalid, user_userid, category_categoryid, amount, date) VALUES (577, '1', '2', '288.48', '2022-05-15');
INSERT INTO withdrawal (withdrawalid, user_userid, category_categoryid, amount, date) VALUES (578, '3', '2', '1091.44', '2022-05-17');
INSERT INTO withdrawal (withdrawalid, user_userid, category_categoryid, amount, date) VALUES (579, '0', '2', '240.14', '2022-06-10');
INSERT INTO withdrawal (withdrawalid, user_userid, category_categoryid, amount, date) VALUES (580, '2', '1', '372.63', '2022-06-08');
INSERT INTO withdrawal (withdrawalid, user_userid, category_categoryid, amount, date) VALUES (581, '2', '2', '482.76', '2022-07-06');
INSERT INTO withdrawal (withdrawalid, user_userid, category_categoryid, amount, date) VALUES (582, '0', '1', '102.84', '2022-08-18');
INSERT INTO withdrawal (withdrawalid, user_userid, category_categoryid, amount, date) VALUES (583, '2', '1', '1128.86', '2022-05-31');
INSERT INTO withdrawal (withdrawalid, user_userid, category_categoryid, amount, date) VALUES (584, '2', '2', '453.54', '2022-05-28');
INSERT INTO withdrawal (withdrawalid, user_userid, category_categoryid, amount, date) VALUES (585, '0', '1', '253.24', '2022-06-08');
INSERT INTO withdrawal (withdrawalid, user_userid, category_categoryid, amount, date) VALUES (586, '0', '0', '507.78', '2022-05-27');
INSERT INTO withdrawal (withdrawalid, user_userid, category_categoryid, amount, date) VALUES (587, '2', '1', '294.78', '2022-07-27');
INSERT INTO withdrawal (withdrawalid, user_userid, category_categoryid, amount, date) VALUES (588, '0', '0', '1033.31', '2022-07-15');
INSERT INTO withdrawal (withdrawalid, user_userid, category_categoryid, amount, date) VALUES (589, '2', '0', '561.18', '2022-06-08');
INSERT INTO withdrawal (withdrawalid, user_userid, category_categoryid, amount, date) VALUES (590, '3', '0', '208.66', '2022-06-07');
INSERT INTO withdrawal (withdrawalid, user_userid, category_categoryid, amount, date) VALUES (591, '2', '1', '660.98', '2022-06-09');
INSERT INTO withdrawal (withdrawalid, user_userid, category_categoryid, amount, date) VALUES (592, '0', '0', '956.45', '2022-06-20');
INSERT INTO withdrawal (withdrawalid, user_userid, category_categoryid, amount, date) VALUES (593, '3', '2', '395.23', '2022-07-31');
INSERT INTO withdrawal (withdrawalid, user_userid, category_categoryid, amount, date) VALUES (594, '1', '0', '1075.05', '2022-06-24');
INSERT INTO withdrawal (withdrawalid, user_userid, category_categoryid, amount, date) VALUES (595, '1', '0', '1061.21', '2022-07-28');
INSERT INTO withdrawal (withdrawalid, user_userid, category_categoryid, amount, date) VALUES (596, '2', '2', '708.42', '2022-07-30');
INSERT INTO withdrawal (withdrawalid, user_userid, category_categoryid, amount, date) VALUES (597, '2', '1', '892.01', '2022-08-01');
INSERT INTO withdrawal (withdrawalid, user_userid, category_categoryid, amount, date) VALUES (598, '2', '1', '692.47', '2022-07-24');
INSERT INTO withdrawal (withdrawalid, user_userid, category_categoryid, amount, date) VALUES (599, '0', '2', '723.99', '2022-06-15');
INSERT INTO withdrawal (withdrawalid, user_userid, category_categoryid, amount, date) VALUES (600, '0', '1', '1077.49', '2022-05-27');
INSERT INTO withdrawal (withdrawalid, user_userid, category_categoryid, amount, date) VALUES (601, '1', '0', '510.82', '2022-07-14');
INSERT INTO withdrawal (withdrawalid, user_userid, category_categoryid, amount, date) VALUES (602, '2', '1', '414.74', '2022-06-23');
INSERT INTO withdrawal (withdrawalid, user_userid, category_categoryid, amount, date) VALUES (603, '0', '0', '930.19', '2022-05-13');
INSERT INTO withdrawal (withdrawalid, user_userid, category_categoryid, amount, date) VALUES (604, '3', '2', '374.28', '2022-06-10');
INSERT INTO withdrawal (withdrawalid, user_userid, category_categoryid, amount, date) VALUES (605, '3', '0', '967.36', '2022-06-19');
INSERT INTO withdrawal (withdrawalid, user_userid, category_categoryid, amount, date) VALUES (606, '1', '1', '900.77', '2022-05-12');
INSERT INTO withdrawal (withdrawalid, user_userid, category_categoryid, amount, date) VALUES (607, '3', '2', '532.57', '2022-07-27');
INSERT INTO withdrawal (withdrawalid, user_userid, category_categoryid, amount, date) VALUES (608, '0', '2', '1193.71', '2022-07-16');
INSERT INTO withdrawal (withdrawalid, user_userid, category_categoryid, amount, date) VALUES (609, '0', '2', '1174.86', '2022-06-04');
INSERT INTO withdrawal (withdrawalid, user_userid, category_categoryid, amount, date) VALUES (610, '3', '1', '109.42', '2022-07-01');
INSERT INTO withdrawal (withdrawalid, user_userid, category_categoryid, amount, date) VALUES (611, '0', '1', '120.76', '2022-07-04');
INSERT INTO withdrawal (withdrawalid, user_userid, category_categoryid, amount, date) VALUES (612, '0', '2', '677.86', '2022-07-07');
INSERT INTO withdrawal (withdrawalid, user_userid, category_categoryid, amount, date) VALUES (613, '3', '1', '864.99', '2022-08-02');
INSERT INTO withdrawal (withdrawalid, user_userid, category_categoryid, amount, date) VALUES (614, '1', '0', '378.43', '2022-06-18');
INSERT INTO withdrawal (withdrawalid, user_userid, category_categoryid, amount, date) VALUES (615, '0', '2', '411.91', '2022-06-14');
INSERT INTO withdrawal (withdrawalid, user_userid, category_categoryid, amount, date) VALUES (616, '2', '2', '443.06', '2022-05-14');
INSERT INTO withdrawal (withdrawalid, user_userid, category_categoryid, amount, date) VALUES (617, '1', '2', '141.61', '2022-05-22');
INSERT INTO withdrawal (withdrawalid, user_userid, category_categoryid, amount, date) VALUES (618, '1', '0', '219.03', '2022-07-28');
INSERT INTO withdrawal (withdrawalid, user_userid, category_categoryid, amount, date) VALUES (619, '3', '0', '1036.58', '2022-07-20');
INSERT INTO withdrawal (withdrawalid, user_userid, category_categoryid, amount, date) VALUES (620, '1', '0', '558.89', '2022-06-07');
INSERT INTO withdrawal (withdrawalid, user_userid, category_categoryid, amount, date) VALUES (621, '0', '0', '514.83', '2022-06-20');
INSERT INTO withdrawal (withdrawalid, user_userid, category_categoryid, amount, date) VALUES (622, '0', '1', '951.96', '2022-05-22');
INSERT INTO withdrawal (withdrawalid, user_userid, category_categoryid, amount, date) VALUES (623, '2', '2', '971.69', '2022-06-11');
INSERT INTO withdrawal (withdrawalid, user_userid, category_categoryid, amount, date) VALUES (624, '2', '0', '553.16', '2022-08-11');
INSERT INTO withdrawal (withdrawalid, user_userid, category_categoryid, amount, date) VALUES (625, '1', '2', '216.0', '2022-07-01');
INSERT INTO withdrawal (withdrawalid, user_userid, category_categoryid, amount, date) VALUES (626, '3', '2', '162.84', '2022-06-18');
INSERT INTO withdrawal (withdrawalid, user_userid, category_categoryid, amount, date) VALUES (627, '3', '2', '178.16', '2022-07-20');
INSERT INTO withdrawal (withdrawalid, user_userid, category_categoryid, amount, date) VALUES (628, '1', '0', '395.85', '2022-06-13');
INSERT INTO withdrawal (withdrawalid, user_userid, category_categoryid, amount, date) VALUES (629, '3', '0', '793.49', '2022-08-11');
INSERT INTO withdrawal (withdrawalid, user_userid, category_categoryid, amount, date) VALUES (630, '0', '1', '1184.9', '2022-06-16');
INSERT INTO withdrawal (withdrawalid, user_userid, category_categoryid, amount, date) VALUES (631, '2', '0', '524.06', '2022-07-20');
INSERT INTO withdrawal (withdrawalid, user_userid, category_categoryid, amount, date) VALUES (632, '0', '0', '323.85', '2022-07-27');
INSERT INTO withdrawal (withdrawalid, user_userid, category_categoryid, amount, date) VALUES (633, '0', '1', '1020.73', '2022-05-16');
INSERT INTO withdrawal (withdrawalid, user_userid, category_categoryid, amount, date) VALUES (634, '2', '1', '944.63', '2022-05-27');
INSERT INTO withdrawal (withdrawalid, user_userid, category_categoryid, amount, date) VALUES (635, '2', '1', '571.1', '2022-06-09');
INSERT INTO withdrawal (withdrawalid, user_userid, category_categoryid, amount, date) VALUES (636, '0', '1', '263.93', '2022-05-15');
INSERT INTO withdrawal (withdrawalid, user_userid, category_categoryid, amount, date) VALUES (637, '3', '0', '366.77', '2022-05-20');
INSERT INTO withdrawal (withdrawalid, user_userid, category_categoryid, amount, date) VALUES (638, '1', '0', '686.5', '2022-06-28');
INSERT INTO withdrawal (withdrawalid, user_userid, category_categoryid, amount, date) VALUES (639, '0', '2', '911.39', '2022-08-04');
INSERT INTO withdrawal (withdrawalid, user_userid, category_categoryid, amount, date) VALUES (640, '3', '2', '1085.81', '2022-07-03');
INSERT INTO withdrawal (withdrawalid, user_userid, category_categoryid, amount, date) VALUES (641, '0', '0', '159.53', '2022-07-05');
INSERT INTO withdrawal (withdrawalid, user_userid, category_categoryid, amount, date) VALUES (642, '0', '2', '841.53', '2022-07-24');
INSERT INTO withdrawal (withdrawalid, user_userid, category_categoryid, amount, date) VALUES (643, '1', '1', '324.16', '2022-08-07');
INSERT INTO withdrawal (withdrawalid, user_userid, category_categoryid, amount, date) VALUES (644, '1', '0', '754.9', '2022-07-21');
INSERT INTO withdrawal (withdrawalid, user_userid, category_categoryid, amount, date) VALUES (645, '0', '1', '352.26', '2022-07-04');
INSERT INTO withdrawal (withdrawalid, user_userid, category_categoryid, amount, date) VALUES (646, '2', '1', '987.81', '2022-05-11');
INSERT INTO withdrawal (withdrawalid, user_userid, category_categoryid, amount, date) VALUES (647, '1', '2', '698.35', '2022-06-15');
INSERT INTO withdrawal (withdrawalid, user_userid, category_categoryid, amount, date) VALUES (648, '0', '2', '188.43', '2022-06-28');
INSERT INTO withdrawal (withdrawalid, user_userid, category_categoryid, amount, date) VALUES (649, '1', '0', '623.9', '2022-07-12');
INSERT INTO withdrawal (withdrawalid, user_userid, category_categoryid, amount, date) VALUES (650, '1', '1', '1187.65', '2022-07-24');
INSERT INTO withdrawal (withdrawalid, user_userid, category_categoryid, amount, date) VALUES (651, '0', '2', '117.26', '2022-08-08');
INSERT INTO withdrawal (withdrawalid, user_userid, category_categoryid, amount, date) VALUES (652, '0', '0', '111.44', '2022-05-16');
INSERT INTO withdrawal (withdrawalid, user_userid, category_categoryid, amount, date) VALUES (653, '1', '2', '442.56', '2022-06-03');
INSERT INTO withdrawal (withdrawalid, user_userid, category_categoryid, amount, date) VALUES (654, '0', '2', '178.83', '2022-07-22');
INSERT INTO withdrawal (withdrawalid, user_userid, category_categoryid, amount, date) VALUES (655, '1', '0', '831.72', '2022-07-09');
INSERT INTO withdrawal (withdrawalid, user_userid, category_categoryid, amount, date) VALUES (656, '1', '2', '549.08', '2022-06-22');
INSERT INTO withdrawal (withdrawalid, user_userid, category_categoryid, amount, date) VALUES (657, '1', '2', '692.58', '2022-07-21');
INSERT INTO withdrawal (withdrawalid, user_userid, category_categoryid, amount, date) VALUES (658, '1', '0', '630.4', '2022-08-12');
INSERT INTO withdrawal (withdrawalid, user_userid, category_categoryid, amount, date) VALUES (659, '1', '0', '169.44', '2022-05-21');
INSERT INTO withdrawal (withdrawalid, user_userid, category_categoryid, amount, date) VALUES (660, '2', '0', '322.85', '2022-06-30');
INSERT INTO withdrawal (withdrawalid, user_userid, category_categoryid, amount, date) VALUES (661, '1', '0', '869.13', '2022-06-30');
INSERT INTO withdrawal (withdrawalid, user_userid, category_categoryid, amount, date) VALUES (662, '0', '1', '1136.55', '2022-08-14');
INSERT INTO withdrawal (withdrawalid, user_userid, category_categoryid, amount, date) VALUES (663, '3', '2', '791.23', '2022-05-24');
INSERT INTO withdrawal (withdrawalid, user_userid, category_categoryid, amount, date) VALUES (664, '3', '1', '394.73', '2022-05-14');
INSERT INTO withdrawal (withdrawalid, user_userid, category_categoryid, amount, date) VALUES (665, '2', '2', '846.53', '2022-07-08');
INSERT INTO withdrawal (withdrawalid, user_userid, category_categoryid, amount, date) VALUES (666, '1', '0', '811.5', '2022-05-24');
INSERT INTO withdrawal (withdrawalid, user_userid, category_categoryid, amount, date) VALUES (667, '1', '0', '1071.4', '2022-07-12');
INSERT INTO withdrawal (withdrawalid, user_userid, category_categoryid, amount, date) VALUES (668, '0', '0', '199.58', '2022-08-10');
INSERT INTO withdrawal (withdrawalid, user_userid, category_categoryid, amount, date) VALUES (669, '0', '0', '901.75', '2022-07-04');
INSERT INTO withdrawal (withdrawalid, user_userid, category_categoryid, amount, date) VALUES (670, '2', '0', '481.83', '2022-06-03');
INSERT INTO withdrawal (withdrawalid, user_userid, category_categoryid, amount, date) VALUES (671, '0', '1', '1061.45', '2022-08-06');
INSERT INTO withdrawal (withdrawalid, user_userid, category_categoryid, amount, date) VALUES (672, '3', '2', '1027.49', '2022-05-16');
INSERT INTO withdrawal (withdrawalid, user_userid, category_categoryid, amount, date) VALUES (673, '3', '1', '105.39', '2022-06-13');
INSERT INTO withdrawal (withdrawalid, user_userid, category_categoryid, amount, date) VALUES (674, '3', '1', '298.63', '2022-07-20');
INSERT INTO withdrawal (withdrawalid, user_userid, category_categoryid, amount, date) VALUES (675, '3', '1', '351.86', '2022-08-12');
INSERT INTO withdrawal (withdrawalid, user_userid, category_categoryid, amount, date) VALUES (676, '3', '2', '884.21', '2022-06-09');
INSERT INTO withdrawal (withdrawalid, user_userid, category_categoryid, amount, date) VALUES (677, '3', '0', '920.59', '2022-07-16');
INSERT INTO withdrawal (withdrawalid, user_userid, category_categoryid, amount, date) VALUES (678, '2', '1', '484.8', '2022-07-29');
INSERT INTO withdrawal (withdrawalid, user_userid, category_categoryid, amount, date) VALUES (679, '2', '0', '682.95', '2022-05-17');
INSERT INTO withdrawal (withdrawalid, user_userid, category_categoryid, amount, date) VALUES (680, '2', '0', '772.69', '2022-07-30');
INSERT INTO withdrawal (withdrawalid, user_userid, category_categoryid, amount, date) VALUES (681, '0', '2', '546.27', '2022-08-05');
INSERT INTO withdrawal (withdrawalid, user_userid, category_categoryid, amount, date) VALUES (682, '3', '0', '1070.08', '2022-08-07');
INSERT INTO withdrawal (withdrawalid, user_userid, category_categoryid, amount, date) VALUES (683, '2', '0', '1000.32', '2022-08-02');
INSERT INTO withdrawal (withdrawalid, user_userid, category_categoryid, amount, date) VALUES (684, '1', '2', '134.29', '2022-05-12');
INSERT INTO withdrawal (withdrawalid, user_userid, category_categoryid, amount, date) VALUES (685, '0', '1', '860.94', '2022-05-20');
INSERT INTO withdrawal (withdrawalid, user_userid, category_categoryid, amount, date) VALUES (686, '3', '1', '699.13', '2022-06-15');
INSERT INTO withdrawal (withdrawalid, user_userid, category_categoryid, amount, date) VALUES (687, '2', '1', '385.61', '2022-08-18');
INSERT INTO withdrawal (withdrawalid, user_userid, category_categoryid, amount, date) VALUES (688, '0', '2', '368.93', '2022-07-17');
INSERT INTO withdrawal (withdrawalid, user_userid, category_categoryid, amount, date) VALUES (689, '3', '0', '721.66', '2022-06-27');
INSERT INTO withdrawal (withdrawalid, user_userid, category_categoryid, amount, date) VALUES (690, '1', '0', '230.77', '2022-05-18');
INSERT INTO withdrawal (withdrawalid, user_userid, category_categoryid, amount, date) VALUES (691, '1', '2', '599.22', '2022-06-28');
INSERT INTO withdrawal (withdrawalid, user_userid, category_categoryid, amount, date) VALUES (692, '2', '2', '979.06', '2022-05-11');
INSERT INTO withdrawal (withdrawalid, user_userid, category_categoryid, amount, date) VALUES (693, '3', '2', '567.38', '2022-06-05');
INSERT INTO withdrawal (withdrawalid, user_userid, category_categoryid, amount, date) VALUES (694, '0', '2', '321.64', '2022-06-08');
INSERT INTO withdrawal (withdrawalid, user_userid, category_categoryid, amount, date) VALUES (695, '3', '2', '390.52', '2022-05-31');
INSERT INTO withdrawal (withdrawalid, user_userid, category_categoryid, amount, date) VALUES (696, '0', '0', '964.42', '2022-07-06');
INSERT INTO withdrawal (withdrawalid, user_userid, category_categoryid, amount, date) VALUES (697, '1', '1', '314.83', '2022-07-12');
INSERT INTO withdrawal (withdrawalid, user_userid, category_categoryid, amount, date) VALUES (698, '0', '2', '392.43', '2022-07-17');
INSERT INTO withdrawal (withdrawalid, user_userid, category_categoryid, amount, date) VALUES (699, '1', '1', '192.71', '2022-08-04');
INSERT INTO withdrawal (withdrawalid, user_userid, category_categoryid, amount, date) VALUES (700, '1', '0', '642.61', '2022-06-19');
INSERT INTO withdrawal (withdrawalid, user_userid, category_categoryid, amount, date) VALUES (701, '2', '0', '1106.52', '2022-06-14');
INSERT INTO withdrawal (withdrawalid, user_userid, category_categoryid, amount, date) VALUES (702, '0', '0', '945.34', '2022-06-04');
INSERT INTO withdrawal (withdrawalid, user_userid, category_categoryid, amount, date) VALUES (703, '1', '2', '787.27', '2022-06-15');
INSERT INTO withdrawal (withdrawalid, user_userid, category_categoryid, amount, date) VALUES (704, '2', '2', '347.64', '2022-05-25');
INSERT INTO withdrawal (withdrawalid, user_userid, category_categoryid, amount, date) VALUES (705, '0', '2', '445.58', '2022-05-21');
INSERT INTO withdrawal (withdrawalid, user_userid, category_categoryid, amount, date) VALUES (706, '2', '0', '767.52', '2022-05-25');
INSERT INTO withdrawal (withdrawalid, user_userid, category_categoryid, amount, date) VALUES (707, '0', '0', '942.76', '2022-05-18');
INSERT INTO withdrawal (withdrawalid, user_userid, category_categoryid, amount, date) VALUES (708, '3', '1', '169.81', '2022-08-02');
INSERT INTO withdrawal (withdrawalid, user_userid, category_categoryid, amount, date) VALUES (709, '1', '2', '304.39', '2022-06-21');
INSERT INTO withdrawal (withdrawalid, user_userid, category_categoryid, amount, date) VALUES (710, '2', '2', '572.82', '2022-06-22');
INSERT INTO withdrawal (withdrawalid, user_userid, category_categoryid, amount, date) VALUES (711, '0', '2', '345.66', '2022-06-19');
INSERT INTO withdrawal (withdrawalid, user_userid, category_categoryid, amount, date) VALUES (712, '1', '2', '976.55', '2022-05-25');
INSERT INTO withdrawal (withdrawalid, user_userid, category_categoryid, amount, date) VALUES (713, '3', '2', '924.37', '2022-06-19');
INSERT INTO withdrawal (withdrawalid, user_userid, category_categoryid, amount, date) VALUES (714, '1', '0', '863.7', '2022-06-28');
INSERT INTO withdrawal (withdrawalid, user_userid, category_categoryid, amount, date) VALUES (715, '2', '1', '375.54', '2022-05-29');
INSERT INTO withdrawal (withdrawalid, user_userid, category_categoryid, amount, date) VALUES (716, '0', '2', '111.8', '2022-07-11');
INSERT INTO withdrawal (withdrawalid, user_userid, category_categoryid, amount, date) VALUES (717, '2', '2', '963.12', '2022-08-13');
INSERT INTO withdrawal (withdrawalid, user_userid, category_categoryid, amount, date) VALUES (718, '2', '0', '515.96', '2022-06-02');
INSERT INTO withdrawal (withdrawalid, user_userid, category_categoryid, amount, date) VALUES (719, '2', '1', '815.06', '2022-07-26');
INSERT INTO withdrawal (withdrawalid, user_userid, category_categoryid, amount, date) VALUES (720, '2', '0', '486.55', '2022-06-18');
INSERT INTO withdrawal (withdrawalid, user_userid, category_categoryid, amount, date) VALUES (721, '1', '0', '1003.8', '2022-05-11');
INSERT INTO withdrawal (withdrawalid, user_userid, category_categoryid, amount, date) VALUES (722, '2', '1', '213.84', '2022-07-19');
INSERT INTO withdrawal (withdrawalid, user_userid, category_categoryid, amount, date) VALUES (723, '3', '0', '284.35', '2022-06-26');
INSERT INTO withdrawal (withdrawalid, user_userid, category_categoryid, amount, date) VALUES (724, '2', '0', '733.83', '2022-07-06');
INSERT INTO withdrawal (withdrawalid, user_userid, category_categoryid, amount, date) VALUES (725, '0', '1', '441.08', '2022-05-21');
INSERT INTO withdrawal (withdrawalid, user_userid, category_categoryid, amount, date) VALUES (726, '2', '2', '952.47', '2022-06-01');
INSERT INTO withdrawal (withdrawalid, user_userid, category_categoryid, amount, date) VALUES (727, '2', '2', '324.54', '2022-06-17');
INSERT INTO withdrawal (withdrawalid, user_userid, category_categoryid, amount, date) VALUES (728, '0', '2', '206.24', '2022-06-06');
INSERT INTO withdrawal (withdrawalid, user_userid, category_categoryid, amount, date) VALUES (729, '3', '2', '583.36', '2022-07-18');
INSERT INTO withdrawal (withdrawalid, user_userid, category_categoryid, amount, date) VALUES (730, '0', '1', '353.89', '2022-05-25');
INSERT INTO withdrawal (withdrawalid, user_userid, category_categoryid, amount, date) VALUES (731, '2', '0', '1002.64', '2022-08-14');
INSERT INTO withdrawal (withdrawalid, user_userid, category_categoryid, amount, date) VALUES (732, '0', '0', '1146.16', '2022-06-01');
INSERT INTO withdrawal (withdrawalid, user_userid, category_categoryid, amount, date) VALUES (733, '0', '2', '253.63', '2022-06-10');
INSERT INTO withdrawal (withdrawalid, user_userid, category_categoryid, amount, date) VALUES (734, '2', '1', '912.45', '2022-07-27');
INSERT INTO withdrawal (withdrawalid, user_userid, category_categoryid, amount, date) VALUES (735, '3', '1', '612.08', '2022-05-15');
INSERT INTO withdrawal (withdrawalid, user_userid, category_categoryid, amount, date) VALUES (736, '2', '0', '265.99', '2022-08-03');
INSERT INTO withdrawal (withdrawalid, user_userid, category_categoryid, amount, date) VALUES (737, '3', '1', '765.06', '2022-05-15');
INSERT INTO withdrawal (withdrawalid, user_userid, category_categoryid, amount, date) VALUES (738, '0', '2', '308.55', '2022-07-01');
INSERT INTO withdrawal (withdrawalid, user_userid, category_categoryid, amount, date) VALUES (739, '0', '2', '1151.41', '2022-07-27');
INSERT INTO withdrawal (withdrawalid, user_userid, category_categoryid, amount, date) VALUES (740, '0', '2', '1007.83', '2022-06-29');
INSERT INTO withdrawal (withdrawalid, user_userid, category_categoryid, amount, date) VALUES (741, '1', '1', '844.0', '2022-05-29');
INSERT INTO withdrawal (withdrawalid, user_userid, category_categoryid, amount, date) VALUES (742, '1', '2', '965.1', '2022-07-14');
INSERT INTO withdrawal (withdrawalid, user_userid, category_categoryid, amount, date) VALUES (743, '2', '2', '370.16', '2022-07-20');
INSERT INTO withdrawal (withdrawalid, user_userid, category_categoryid, amount, date) VALUES (744, '3', '2', '736.39', '2022-08-03');
INSERT INTO withdrawal (withdrawalid, user_userid, category_categoryid, amount, date) VALUES (745, '1', '2', '309.15', '2022-07-28');
INSERT INTO withdrawal (withdrawalid, user_userid, category_categoryid, amount, date) VALUES (746, '3', '1', '705.92', '2022-06-28');
INSERT INTO withdrawal (withdrawalid, user_userid, category_categoryid, amount, date) VALUES (747, '1', '2', '271.91', '2022-06-10');
INSERT INTO withdrawal (withdrawalid, user_userid, category_categoryid, amount, date) VALUES (748, '0', '2', '646.65', '2022-07-24');
INSERT INTO withdrawal (withdrawalid, user_userid, category_categoryid, amount, date) VALUES (749, '0', '0', '1001.28', '2022-07-02');
INSERT INTO withdrawal (withdrawalid, user_userid, category_categoryid, amount, date) VALUES (750, '1', '0', '560.93', '2022-07-22');
INSERT INTO withdrawal (withdrawalid, user_userid, category_categoryid, amount, date) VALUES (751, '0', '2', '933.98', '2022-05-27');
INSERT INTO withdrawal (withdrawalid, user_userid, category_categoryid, amount, date) VALUES (752, '0', '1', '567.29', '2022-05-27');
INSERT INTO withdrawal (withdrawalid, user_userid, category_categoryid, amount, date) VALUES (753, '1', '2', '980.48', '2022-07-15');
INSERT INTO withdrawal (withdrawalid, user_userid, category_categoryid, amount, date) VALUES (754, '0', '2', '401.89', '2022-05-31');
INSERT INTO withdrawal (withdrawalid, user_userid, category_categoryid, amount, date) VALUES (755, '1', '0', '788.78', '2022-07-05');
INSERT INTO withdrawal (withdrawalid, user_userid, category_categoryid, amount, date) VALUES (756, '3', '1', '966.27', '2022-06-26');
INSERT INTO withdrawal (withdrawalid, user_userid, category_categoryid, amount, date) VALUES (757, '1', '2', '249.79', '2022-05-21');
INSERT INTO withdrawal (withdrawalid, user_userid, category_categoryid, amount, date) VALUES (758, '3', '0', '240.39', '2022-07-14');
INSERT INTO withdrawal (withdrawalid, user_userid, category_categoryid, amount, date) VALUES (759, '2', '2', '1169.45', '2022-06-26');
INSERT INTO withdrawal (withdrawalid, user_userid, category_categoryid, amount, date) VALUES (760, '2', '0', '151.83', '2022-08-16');
INSERT INTO withdrawal (withdrawalid, user_userid, category_categoryid, amount, date) VALUES (761, '3', '2', '136.62', '2022-08-12');
INSERT INTO withdrawal (withdrawalid, user_userid, category_categoryid, amount, date) VALUES (762, '3', '1', '878.39', '2022-07-10');
INSERT INTO withdrawal (withdrawalid, user_userid, category_categoryid, amount, date) VALUES (763, '0', '0', '908.9', '2022-08-06');
INSERT INTO withdrawal (withdrawalid, user_userid, category_categoryid, amount, date) VALUES (764, '1', '0', '140.66', '2022-06-01');
INSERT INTO withdrawal (withdrawalid, user_userid, category_categoryid, amount, date) VALUES (765, '0', '0', '1062.38', '2022-08-02');
INSERT INTO withdrawal (withdrawalid, user_userid, category_categoryid, amount, date) VALUES (766, '3', '2', '194.77', '2022-06-03');
INSERT INTO withdrawal (withdrawalid, user_userid, category_categoryid, amount, date) VALUES (767, '1', '2', '1158.08', '2022-07-08');
INSERT INTO withdrawal (withdrawalid, user_userid, category_categoryid, amount, date) VALUES (768, '1', '1', '947.04', '2022-05-20');
INSERT INTO withdrawal (withdrawalid, user_userid, category_categoryid, amount, date) VALUES (769, '0', '0', '146.28', '2022-06-17');
INSERT INTO withdrawal (withdrawalid, user_userid, category_categoryid, amount, date) VALUES (770, '1', '0', '914.7', '2022-06-20');
INSERT INTO withdrawal (withdrawalid, user_userid, category_categoryid, amount, date) VALUES (771, '3', '1', '485.99', '2022-08-02');
INSERT INTO withdrawal (withdrawalid, user_userid, category_categoryid, amount, date) VALUES (772, '0', '1', '359.05', '2022-08-07');
INSERT INTO withdrawal (withdrawalid, user_userid, category_categoryid, amount, date) VALUES (773, '2', '1', '865.97', '2022-08-10');
INSERT INTO withdrawal (withdrawalid, user_userid, category_categoryid, amount, date) VALUES (774, '1', '2', '892.21', '2022-08-07');
INSERT INTO withdrawal (withdrawalid, user_userid, category_categoryid, amount, date) VALUES (775, '2', '0', '793.6', '2022-06-20');
INSERT INTO withdrawal (withdrawalid, user_userid, category_categoryid, amount, date) VALUES (776, '1', '2', '618.9', '2022-06-02');
INSERT INTO withdrawal (withdrawalid, user_userid, category_categoryid, amount, date) VALUES (777, '0', '1', '1043.61', '2022-07-11');
INSERT INTO withdrawal (withdrawalid, user_userid, category_categoryid, amount, date) VALUES (778, '1', '1', '1026.25', '2022-07-13');
INSERT INTO withdrawal (withdrawalid, user_userid, category_categoryid, amount, date) VALUES (779, '2', '2', '471.77', '2022-07-18');
INSERT INTO withdrawal (withdrawalid, user_userid, category_categoryid, amount, date) VALUES (780, '2', '0', '1089.64', '2022-05-24');
INSERT INTO withdrawal (withdrawalid, user_userid, category_categoryid, amount, date) VALUES (781, '2', '0', '888.46', '2022-06-22');
INSERT INTO withdrawal (withdrawalid, user_userid, category_categoryid, amount, date) VALUES (782, '3', '1', '1069.43', '2022-06-12');
INSERT INTO withdrawal (withdrawalid, user_userid, category_categoryid, amount, date) VALUES (783, '0', '0', '110.7', '2022-05-15');
INSERT INTO withdrawal (withdrawalid, user_userid, category_categoryid, amount, date) VALUES (784, '2', '1', '579.22', '2022-05-22');
INSERT INTO withdrawal (withdrawalid, user_userid, category_categoryid, amount, date) VALUES (785, '1', '2', '1065.36', '2022-05-11');
INSERT INTO withdrawal (withdrawalid, user_userid, category_categoryid, amount, date) VALUES (786, '3', '0', '495.52', '2022-07-03');
INSERT INTO withdrawal (withdrawalid, user_userid, category_categoryid, amount, date) VALUES (787, '2', '1', '1174.0', '2022-07-15');
INSERT INTO withdrawal (withdrawalid, user_userid, category_categoryid, amount, date) VALUES (788, '3', '1', '1029.28', '2022-07-05');
INSERT INTO withdrawal (withdrawalid, user_userid, category_categoryid, amount, date) VALUES (789, '3', '0', '492.66', '2022-05-21');
INSERT INTO withdrawal (withdrawalid, user_userid, category_categoryid, amount, date) VALUES (790, '1', '2', '386.88', '2022-08-06');
INSERT INTO withdrawal (withdrawalid, user_userid, category_categoryid, amount, date) VALUES (791, '3', '2', '1169.16', '2022-05-17');
INSERT INTO withdrawal (withdrawalid, user_userid, category_categoryid, amount, date) VALUES (792, '1', '1', '819.18', '2022-06-09');
INSERT INTO withdrawal (withdrawalid, user_userid, category_categoryid, amount, date) VALUES (793, '2', '0', '593.86', '2022-07-26');
INSERT INTO withdrawal (withdrawalid, user_userid, category_categoryid, amount, date) VALUES (794, '3', '0', '940.72', '2022-06-21');
INSERT INTO withdrawal (withdrawalid, user_userid, category_categoryid, amount, date) VALUES (795, '1', '1', '601.81', '2022-08-12');
INSERT INTO withdrawal (withdrawalid, user_userid, category_categoryid, amount, date) VALUES (796, '2', '1', '816.15', '2022-05-11');
INSERT INTO withdrawal (withdrawalid, user_userid, category_categoryid, amount, date) VALUES (797, '0', '0', '1128.58', '2022-06-30');
INSERT INTO withdrawal (withdrawalid, user_userid, category_categoryid, amount, date) VALUES (798, '2', '0', '401.03', '2022-05-24');
INSERT INTO withdrawal (withdrawalid, user_userid, category_categoryid, amount, date) VALUES (799, '3', '2', '926.28', '2022-05-29');
INSERT INTO withdrawal (withdrawalid, user_userid, category_categoryid, amount, date) VALUES (800, '3', '1', '695.09', '2022-08-13');
INSERT INTO withdrawal (withdrawalid, user_userid, category_categoryid, amount, date) VALUES (801, '1', '1', '1148.61', '2022-06-18');
INSERT INTO withdrawal (withdrawalid, user_userid, category_categoryid, amount, date) VALUES (802, '3', '2', '200.81', '2022-07-11');
INSERT INTO withdrawal (withdrawalid, user_userid, category_categoryid, amount, date) VALUES (803, '2', '1', '290.82', '2022-06-16');
INSERT INTO withdrawal (withdrawalid, user_userid, category_categoryid, amount, date) VALUES (804, '3', '2', '533.05', '2022-07-24');
INSERT INTO withdrawal (withdrawalid, user_userid, category_categoryid, amount, date) VALUES (805, '1', '1', '1173.49', '2022-08-05');
INSERT INTO withdrawal (withdrawalid, user_userid, category_categoryid, amount, date) VALUES (806, '2', '1', '492.79', '2022-06-16');
INSERT INTO withdrawal (withdrawalid, user_userid, category_categoryid, amount, date) VALUES (807, '1', '0', '568.66', '2022-07-31');
INSERT INTO withdrawal (withdrawalid, user_userid, category_categoryid, amount, date) VALUES (808, '0', '0', '713.61', '2022-07-06');
INSERT INTO withdrawal (withdrawalid, user_userid, category_categoryid, amount, date) VALUES (809, '3', '1', '436.57', '2022-06-20');
INSERT INTO withdrawal (withdrawalid, user_userid, category_categoryid, amount, date) VALUES (810, '0', '0', '1053.6', '2022-06-07');
INSERT INTO withdrawal (withdrawalid, user_userid, category_categoryid, amount, date) VALUES (811, '3', '2', '893.88', '2022-08-14');
INSERT INTO withdrawal (withdrawalid, user_userid, category_categoryid, amount, date) VALUES (812, '0', '0', '902.85', '2022-07-17');
INSERT INTO withdrawal (withdrawalid, user_userid, category_categoryid, amount, date) VALUES (813, '3', '2', '804.12', '2022-06-29');
INSERT INTO withdrawal (withdrawalid, user_userid, category_categoryid, amount, date) VALUES (814, '1', '2', '613.89', '2022-05-14');
INSERT INTO withdrawal (withdrawalid, user_userid, category_categoryid, amount, date) VALUES (815, '0', '0', '422.8', '2022-07-10');
INSERT INTO withdrawal (withdrawalid, user_userid, category_categoryid, amount, date) VALUES (816, '3', '0', '261.12', '2022-05-27');
INSERT INTO withdrawal (withdrawalid, user_userid, category_categoryid, amount, date) VALUES (817, '2', '2', '839.13', '2022-05-24');
INSERT INTO withdrawal (withdrawalid, user_userid, category_categoryid, amount, date) VALUES (818, '1', '2', '1170.71', '2022-07-05');
INSERT INTO withdrawal (withdrawalid, user_userid, category_categoryid, amount, date) VALUES (819, '3', '1', '246.1', '2022-05-27');
INSERT INTO withdrawal (withdrawalid, user_userid, category_categoryid, amount, date) VALUES (820, '2', '1', '301.23', '2022-06-30');
INSERT INTO withdrawal (withdrawalid, user_userid, category_categoryid, amount, date) VALUES (821, '3', '2', '600.23', '2022-06-14');
INSERT INTO withdrawal (withdrawalid, user_userid, category_categoryid, amount, date) VALUES (822, '2', '0', '284.27', '2022-07-08');
INSERT INTO withdrawal (withdrawalid, user_userid, category_categoryid, amount, date) VALUES (823, '2', '1', '662.74', '2022-08-10');
INSERT INTO withdrawal (withdrawalid, user_userid, category_categoryid, amount, date) VALUES (824, '3', '0', '1021.54', '2022-07-16');
INSERT INTO withdrawal (withdrawalid, user_userid, category_categoryid, amount, date) VALUES (825, '0', '1', '663.4', '2022-05-30');
INSERT INTO withdrawal (withdrawalid, user_userid, category_categoryid, amount, date) VALUES (826, '1', '0', '989.36', '2022-06-07');
INSERT INTO withdrawal (withdrawalid, user_userid, category_categoryid, amount, date) VALUES (827, '3', '2', '159.2', '2022-06-22');
INSERT INTO withdrawal (withdrawalid, user_userid, category_categoryid, amount, date) VALUES (828, '1', '2', '398.63', '2022-07-17');
INSERT INTO withdrawal (withdrawalid, user_userid, category_categoryid, amount, date) VALUES (829, '3', '1', '825.9', '2022-07-15');
INSERT INTO withdrawal (withdrawalid, user_userid, category_categoryid, amount, date) VALUES (830, '0', '2', '672.98', '2022-06-19');
INSERT INTO withdrawal (withdrawalid, user_userid, category_categoryid, amount, date) VALUES (831, '3', '1', '554.83', '2022-06-06');
INSERT INTO withdrawal (withdrawalid, user_userid, category_categoryid, amount, date) VALUES (832, '3', '0', '1099.51', '2022-07-24');
INSERT INTO withdrawal (withdrawalid, user_userid, category_categoryid, amount, date) VALUES (833, '1', '1', '786.71', '2022-05-13');
INSERT INTO withdrawal (withdrawalid, user_userid, category_categoryid, amount, date) VALUES (834, '3', '2', '152.4', '2022-06-02');
INSERT INTO withdrawal (withdrawalid, user_userid, category_categoryid, amount, date) VALUES (835, '0', '1', '877.56', '2022-07-22');
INSERT INTO withdrawal (withdrawalid, user_userid, category_categoryid, amount, date) VALUES (836, '3', '1', '520.98', '2022-08-18');
INSERT INTO withdrawal (withdrawalid, user_userid, category_categoryid, amount, date) VALUES (837, '1', '2', '224.56', '2022-05-31');
INSERT INTO withdrawal (withdrawalid, user_userid, category_categoryid, amount, date) VALUES (838, '1', '0', '1153.19', '2022-07-05');
INSERT INTO withdrawal (withdrawalid, user_userid, category_categoryid, amount, date) VALUES (839, '1', '0', '874.94', '2022-05-20');
INSERT INTO withdrawal (withdrawalid, user_userid, category_categoryid, amount, date) VALUES (840, '1', '2', '254.51', '2022-05-19');
INSERT INTO withdrawal (withdrawalid, user_userid, category_categoryid, amount, date) VALUES (841, '2', '2', '1058.41', '2022-07-15');
INSERT INTO withdrawal (withdrawalid, user_userid, category_categoryid, amount, date) VALUES (842, '3', '1', '118.64', '2022-07-21');
INSERT INTO withdrawal (withdrawalid, user_userid, category_categoryid, amount, date) VALUES (843, '1', '1', '887.65', '2022-07-12');
INSERT INTO withdrawal (withdrawalid, user_userid, category_categoryid, amount, date) VALUES (844, '0', '2', '273.01', '2022-08-05');
INSERT INTO withdrawal (withdrawalid, user_userid, category_categoryid, amount, date) VALUES (845, '0', '1', '1009.76', '2022-07-05');
INSERT INTO withdrawal (withdrawalid, user_userid, category_categoryid, amount, date) VALUES (846, '0', '2', '954.87', '2022-06-02');
INSERT INTO withdrawal (withdrawalid, user_userid, category_categoryid, amount, date) VALUES (847, '1', '1', '738.04', '2022-07-04');
INSERT INTO withdrawal (withdrawalid, user_userid, category_categoryid, amount, date) VALUES (848, '2', '2', '917.77', '2022-07-28');
INSERT INTO withdrawal (withdrawalid, user_userid, category_categoryid, amount, date) VALUES (849, '1', '2', '699.82', '2022-05-27');
INSERT INTO withdrawal (withdrawalid, user_userid, category_categoryid, amount, date) VALUES (850, '1', '1', '729.6', '2022-05-19');
INSERT INTO withdrawal (withdrawalid, user_userid, category_categoryid, amount, date) VALUES (851, '1', '2', '798.12', '2022-05-21');
INSERT INTO withdrawal (withdrawalid, user_userid, category_categoryid, amount, date) VALUES (852, '3', '0', '1105.33', '2022-05-28');
INSERT INTO withdrawal (withdrawalid, user_userid, category_categoryid, amount, date) VALUES (853, '2', '1', '1097.7', '2022-07-17');
INSERT INTO withdrawal (withdrawalid, user_userid, category_categoryid, amount, date) VALUES (854, '2', '0', '1006.41', '2022-08-15');
INSERT INTO withdrawal (withdrawalid, user_userid, category_categoryid, amount, date) VALUES (855, '0', '2', '175.08', '2022-08-13');
INSERT INTO withdrawal (withdrawalid, user_userid, category_categoryid, amount, date) VALUES (856, '3', '2', '918.5', '2022-07-26');
INSERT INTO withdrawal (withdrawalid, user_userid, category_categoryid, amount, date) VALUES (857, '0', '1', '206.66', '2022-05-17');
INSERT INTO withdrawal (withdrawalid, user_userid, category_categoryid, amount, date) VALUES (858, '1', '1', '422.05', '2022-08-19');
INSERT INTO withdrawal (withdrawalid, user_userid, category_categoryid, amount, date) VALUES (859, '1', '1', '525.23', '2022-07-10');
INSERT INTO withdrawal (withdrawalid, user_userid, category_categoryid, amount, date) VALUES (860, '2', '2', '967.24', '2022-07-13');
INSERT INTO withdrawal (withdrawalid, user_userid, category_categoryid, amount, date) VALUES (861, '1', '1', '697.37', '2022-07-19');
INSERT INTO withdrawal (withdrawalid, user_userid, category_categoryid, amount, date) VALUES (862, '2', '1', '1159.89', '2022-05-28');
INSERT INTO withdrawal (withdrawalid, user_userid, category_categoryid, amount, date) VALUES (863, '1', '2', '134.72', '2022-08-02');
INSERT INTO withdrawal (withdrawalid, user_userid, category_categoryid, amount, date) VALUES (864, '0', '2', '464.84', '2022-06-25');
INSERT INTO withdrawal (withdrawalid, user_userid, category_categoryid, amount, date) VALUES (865, '1', '2', '1086.51', '2022-06-27');
INSERT INTO withdrawal (withdrawalid, user_userid, category_categoryid, amount, date) VALUES (866, '0', '0', '534.29', '2022-08-18');
INSERT INTO withdrawal (withdrawalid, user_userid, category_categoryid, amount, date) VALUES (867, '0', '0', '592.08', '2022-05-13');
INSERT INTO withdrawal (withdrawalid, user_userid, category_categoryid, amount, date) VALUES (868, '1', '2', '1071.94', '2022-05-22');
INSERT INTO withdrawal (withdrawalid, user_userid, category_categoryid, amount, date) VALUES (869, '1', '2', '543.94', '2022-08-14');
INSERT INTO withdrawal (withdrawalid, user_userid, category_categoryid, amount, date) VALUES (870, '3', '0', '615.13', '2022-06-27');
INSERT INTO withdrawal (withdrawalid, user_userid, category_categoryid, amount, date) VALUES (871, '2', '2', '131.66', '2022-08-05');
INSERT INTO withdrawal (withdrawalid, user_userid, category_categoryid, amount, date) VALUES (872, '0', '2', '293.98', '2022-07-05');
INSERT INTO withdrawal (withdrawalid, user_userid, category_categoryid, amount, date) VALUES (873, '2', '2', '262.47', '2022-06-09');
INSERT INTO withdrawal (withdrawalid, user_userid, category_categoryid, amount, date) VALUES (874, '2', '2', '686.65', '2022-07-14');
INSERT INTO withdrawal (withdrawalid, user_userid, category_categoryid, amount, date) VALUES (875, '1', '0', '1150.29', '2022-05-13');
INSERT INTO withdrawal (withdrawalid, user_userid, category_categoryid, amount, date) VALUES (876, '2', '0', '1035.24', '2022-08-15');
INSERT INTO withdrawal (withdrawalid, user_userid, category_categoryid, amount, date) VALUES (877, '0', '1', '262.5', '2022-07-23');
INSERT INTO withdrawal (withdrawalid, user_userid, category_categoryid, amount, date) VALUES (878, '1', '0', '685.36', '2022-07-14');
INSERT INTO withdrawal (withdrawalid, user_userid, category_categoryid, amount, date) VALUES (879, '0', '0', '401.42', '2022-07-04');
INSERT INTO withdrawal (withdrawalid, user_userid, category_categoryid, amount, date) VALUES (880, '3', '0', '124.21', '2022-07-14');
INSERT INTO withdrawal (withdrawalid, user_userid, category_categoryid, amount, date) VALUES (881, '0', '1', '845.22', '2022-07-04');
INSERT INTO withdrawal (withdrawalid, user_userid, category_categoryid, amount, date) VALUES (882, '2', '2', '803.72', '2022-06-11');
INSERT INTO withdrawal (withdrawalid, user_userid, category_categoryid, amount, date) VALUES (883, '3', '0', '427.98', '2022-08-16');
INSERT INTO withdrawal (withdrawalid, user_userid, category_categoryid, amount, date) VALUES (884, '1', '1', '614.35', '2022-07-11');
INSERT INTO withdrawal (withdrawalid, user_userid, category_categoryid, amount, date) VALUES (885, '1', '2', '1193.86', '2022-07-05');
INSERT INTO withdrawal (withdrawalid, user_userid, category_categoryid, amount, date) VALUES (886, '2', '2', '840.52', '2022-06-21');
INSERT INTO withdrawal (withdrawalid, user_userid, category_categoryid, amount, date) VALUES (887, '3', '2', '605.11', '2022-08-02');
INSERT INTO withdrawal (withdrawalid, user_userid, category_categoryid, amount, date) VALUES (888, '2', '1', '631.72', '2022-06-17');
INSERT INTO withdrawal (withdrawalid, user_userid, category_categoryid, amount, date) VALUES (889, '3', '1', '180.91', '2022-07-02');
INSERT INTO withdrawal (withdrawalid, user_userid, category_categoryid, amount, date) VALUES (890, '3', '2', '815.79', '2022-05-19');
INSERT INTO withdrawal (withdrawalid, user_userid, category_categoryid, amount, date) VALUES (891, '0', '1', '478.07', '2022-05-25');
INSERT INTO withdrawal (withdrawalid, user_userid, category_categoryid, amount, date) VALUES (892, '2', '2', '750.24', '2022-06-27');
INSERT INTO withdrawal (withdrawalid, user_userid, category_categoryid, amount, date) VALUES (893, '0', '0', '757.39', '2022-06-07');
INSERT INTO withdrawal (withdrawalid, user_userid, category_categoryid, amount, date) VALUES (894, '2', '1', '722.09', '2022-05-20');
INSERT INTO withdrawal (withdrawalid, user_userid, category_categoryid, amount, date) VALUES (895, '2', '2', '929.89', '2022-08-04');
INSERT INTO withdrawal (withdrawalid, user_userid, category_categoryid, amount, date) VALUES (896, '2', '0', '237.89', '2022-05-20');
INSERT INTO withdrawal (withdrawalid, user_userid, category_categoryid, amount, date) VALUES (897, '1', '0', '522.63', '2022-05-26');
INSERT INTO withdrawal (withdrawalid, user_userid, category_categoryid, amount, date) VALUES (898, '3', '2', '1127.13', '2022-06-21');
INSERT INTO withdrawal (withdrawalid, user_userid, category_categoryid, amount, date) VALUES (899, '1', '1', '383.22', '2022-07-19');
INSERT INTO withdrawal (withdrawalid, user_userid, category_categoryid, amount, date) VALUES (900, '3', '0', '234.04', '2022-08-05');
INSERT INTO withdrawal (withdrawalid, user_userid, category_categoryid, amount, date) VALUES (901, '2', '0', '605.18', '2022-05-22');
INSERT INTO withdrawal (withdrawalid, user_userid, category_categoryid, amount, date) VALUES (902, '0', '0', '558.12', '2022-06-19');
INSERT INTO withdrawal (withdrawalid, user_userid, category_categoryid, amount, date) VALUES (903, '0', '2', '233.18', '2022-08-18');
INSERT INTO withdrawal (withdrawalid, user_userid, category_categoryid, amount, date) VALUES (904, '1', '1', '950.65', '2022-08-16');
INSERT INTO withdrawal (withdrawalid, user_userid, category_categoryid, amount, date) VALUES (905, '3', '2', '975.29', '2022-05-21');
INSERT INTO withdrawal (withdrawalid, user_userid, category_categoryid, amount, date) VALUES (906, '3', '2', '536.26', '2022-06-13');
INSERT INTO withdrawal (withdrawalid, user_userid, category_categoryid, amount, date) VALUES (907, '0', '0', '1161.19', '2022-08-10');
INSERT INTO withdrawal (withdrawalid, user_userid, category_categoryid, amount, date) VALUES (908, '2', '2', '236.83', '2022-05-17');
INSERT INTO withdrawal (withdrawalid, user_userid, category_categoryid, amount, date) VALUES (909, '1', '0', '136.44', '2022-08-03');
INSERT INTO withdrawal (withdrawalid, user_userid, category_categoryid, amount, date) VALUES (910, '2', '1', '236.73', '2022-07-18');
INSERT INTO withdrawal (withdrawalid, user_userid, category_categoryid, amount, date) VALUES (911, '2', '1', '525.65', '2022-06-19');
INSERT INTO withdrawal (withdrawalid, user_userid, category_categoryid, amount, date) VALUES (912, '2', '0', '801.23', '2022-06-18');
INSERT INTO withdrawal (withdrawalid, user_userid, category_categoryid, amount, date) VALUES (913, '0', '2', '899.91', '2022-07-28');
INSERT INTO withdrawal (withdrawalid, user_userid, category_categoryid, amount, date) VALUES (914, '3', '0', '852.87', '2022-08-18');
INSERT INTO withdrawal (withdrawalid, user_userid, category_categoryid, amount, date) VALUES (915, '3', '0', '651.02', '2022-05-25');
INSERT INTO withdrawal (withdrawalid, user_userid, category_categoryid, amount, date) VALUES (916, '3', '1', '1111.11', '2022-08-09');
INSERT INTO withdrawal (withdrawalid, user_userid, category_categoryid, amount, date) VALUES (917, '2', '1', '237.46', '2022-05-13');
INSERT INTO withdrawal (withdrawalid, user_userid, category_categoryid, amount, date) VALUES (918, '0', '1', '178.03', '2022-07-13');
INSERT INTO withdrawal (withdrawalid, user_userid, category_categoryid, amount, date) VALUES (919, '2', '0', '290.05', '2022-07-05');
INSERT INTO withdrawal (withdrawalid, user_userid, category_categoryid, amount, date) VALUES (920, '2', '0', '796.55', '2022-07-13');
INSERT INTO withdrawal (withdrawalid, user_userid, category_categoryid, amount, date) VALUES (921, '0', '0', '174.96', '2022-08-05');
INSERT INTO withdrawal (withdrawalid, user_userid, category_categoryid, amount, date) VALUES (922, '0', '0', '386.51', '2022-07-10');
INSERT INTO withdrawal (withdrawalid, user_userid, category_categoryid, amount, date) VALUES (923, '1', '2', '241.29', '2022-07-21');
INSERT INTO withdrawal (withdrawalid, user_userid, category_categoryid, amount, date) VALUES (924, '2', '1', '1169.07', '2022-07-07');
INSERT INTO withdrawal (withdrawalid, user_userid, category_categoryid, amount, date) VALUES (925, '3', '1', '1152.31', '2022-06-14');
INSERT INTO withdrawal (withdrawalid, user_userid, category_categoryid, amount, date) VALUES (926, '0', '1', '539.34', '2022-08-08');
INSERT INTO withdrawal (withdrawalid, user_userid, category_categoryid, amount, date) VALUES (927, '3', '0', '286.86', '2022-07-06');
INSERT INTO withdrawal (withdrawalid, user_userid, category_categoryid, amount, date) VALUES (928, '3', '2', '752.88', '2022-05-31');
INSERT INTO withdrawal (withdrawalid, user_userid, category_categoryid, amount, date) VALUES (929, '0', '0', '776.13', '2022-05-12');
INSERT INTO withdrawal (withdrawalid, user_userid, category_categoryid, amount, date) VALUES (930, '2', '0', '691.22', '2022-05-27');
INSERT INTO withdrawal (withdrawalid, user_userid, category_categoryid, amount, date) VALUES (931, '1', '1', '952.64', '2022-07-16');
INSERT INTO withdrawal (withdrawalid, user_userid, category_categoryid, amount, date) VALUES (932, '0', '0', '478.06', '2022-05-14');
INSERT INTO withdrawal (withdrawalid, user_userid, category_categoryid, amount, date) VALUES (933, '0', '0', '1057.56', '2022-07-06');
INSERT INTO withdrawal (withdrawalid, user_userid, category_categoryid, amount, date) VALUES (934, '0', '2', '700.29', '2022-06-03');
INSERT INTO withdrawal (withdrawalid, user_userid, category_categoryid, amount, date) VALUES (935, '0', '1', '886.43', '2022-06-20');
INSERT INTO withdrawal (withdrawalid, user_userid, category_categoryid, amount, date) VALUES (936, '1', '1', '725.18', '2022-07-13');
INSERT INTO withdrawal (withdrawalid, user_userid, category_categoryid, amount, date) VALUES (937, '3', '0', '1171.11', '2022-07-30');
INSERT INTO withdrawal (withdrawalid, user_userid, category_categoryid, amount, date) VALUES (938, '2', '0', '830.24', '2022-07-30');
INSERT INTO withdrawal (withdrawalid, user_userid, category_categoryid, amount, date) VALUES (939, '2', '1', '1174.26', '2022-08-17');
INSERT INTO withdrawal (withdrawalid, user_userid, category_categoryid, amount, date) VALUES (940, '3', '0', '830.56', '2022-05-29');
INSERT INTO withdrawal (withdrawalid, user_userid, category_categoryid, amount, date) VALUES (941, '2', '0', '506.94', '2022-06-27');
INSERT INTO withdrawal (withdrawalid, user_userid, category_categoryid, amount, date) VALUES (942, '3', '2', '941.61', '2022-08-03');
INSERT INTO withdrawal (withdrawalid, user_userid, category_categoryid, amount, date) VALUES (943, '1', '1', '958.36', '2022-08-08');
INSERT INTO withdrawal (withdrawalid, user_userid, category_categoryid, amount, date) VALUES (944, '3', '2', '1074.0', '2022-08-19');
INSERT INTO withdrawal (withdrawalid, user_userid, category_categoryid, amount, date) VALUES (945, '3', '1', '172.83', '2022-06-10');
INSERT INTO withdrawal (withdrawalid, user_userid, category_categoryid, amount, date) VALUES (946, '1', '2', '443.86', '2022-07-17');
INSERT INTO withdrawal (withdrawalid, user_userid, category_categoryid, amount, date) VALUES (947, '2', '2', '553.53', '2022-07-01');
INSERT INTO withdrawal (withdrawalid, user_userid, category_categoryid, amount, date) VALUES (948, '2', '0', '261.57', '2022-07-17');
INSERT INTO withdrawal (withdrawalid, user_userid, category_categoryid, amount, date) VALUES (949, '2', '0', '458.4', '2022-08-12');
INSERT INTO withdrawal (withdrawalid, user_userid, category_categoryid, amount, date) VALUES (950, '2', '0', '777.46', '2022-06-03');
INSERT INTO withdrawal (withdrawalid, user_userid, category_categoryid, amount, date) VALUES (951, '3', '1', '695.24', '2022-07-20');
INSERT INTO withdrawal (withdrawalid, user_userid, category_categoryid, amount, date) VALUES (952, '0', '2', '1190.88', '2022-07-13');
INSERT INTO withdrawal (withdrawalid, user_userid, category_categoryid, amount, date) VALUES (953, '0', '0', '381.2', '2022-06-15');
INSERT INTO withdrawal (withdrawalid, user_userid, category_categoryid, amount, date) VALUES (954, '0', '1', '564.07', '2022-06-03');
INSERT INTO withdrawal (withdrawalid, user_userid, category_categoryid, amount, date) VALUES (955, '1', '2', '495.27', '2022-06-30');
INSERT INTO withdrawal (withdrawalid, user_userid, category_categoryid, amount, date) VALUES (956, '0', '1', '579.32', '2022-06-05');
INSERT INTO withdrawal (withdrawalid, user_userid, category_categoryid, amount, date) VALUES (957, '2', '2', '359.06', '2022-05-16');
INSERT INTO withdrawal (withdrawalid, user_userid, category_categoryid, amount, date) VALUES (958, '1', '0', '655.05', '2022-06-11');
INSERT INTO withdrawal (withdrawalid, user_userid, category_categoryid, amount, date) VALUES (959, '3', '0', '102.91', '2022-08-17');
INSERT INTO withdrawal (withdrawalid, user_userid, category_categoryid, amount, date) VALUES (960, '0', '2', '1021.23', '2022-07-23');
INSERT INTO withdrawal (withdrawalid, user_userid, category_categoryid, amount, date) VALUES (961, '1', '2', '913.69', '2022-07-30');
INSERT INTO withdrawal (withdrawalid, user_userid, category_categoryid, amount, date) VALUES (962, '2', '0', '324.14', '2022-05-25');
INSERT INTO withdrawal (withdrawalid, user_userid, category_categoryid, amount, date) VALUES (963, '0', '0', '317.63', '2022-05-22');
INSERT INTO withdrawal (withdrawalid, user_userid, category_categoryid, amount, date) VALUES (964, '2', '0', '1185.35', '2022-05-29');
INSERT INTO withdrawal (withdrawalid, user_userid, category_categoryid, amount, date) VALUES (965, '3', '0', '790.21', '2022-07-14');
INSERT INTO withdrawal (withdrawalid, user_userid, category_categoryid, amount, date) VALUES (966, '2', '0', '429.61', '2022-07-19');
INSERT INTO withdrawal (withdrawalid, user_userid, category_categoryid, amount, date) VALUES (967, '0', '1', '944.92', '2022-06-28');
INSERT INTO withdrawal (withdrawalid, user_userid, category_categoryid, amount, date) VALUES (968, '2', '2', '344.57', '2022-08-13');
INSERT INTO withdrawal (withdrawalid, user_userid, category_categoryid, amount, date) VALUES (969, '0', '2', '189.53', '2022-05-14');
INSERT INTO withdrawal (withdrawalid, user_userid, category_categoryid, amount, date) VALUES (970, '0', '2', '1112.1', '2022-07-29');
INSERT INTO withdrawal (withdrawalid, user_userid, category_categoryid, amount, date) VALUES (971, '2', '1', '205.95', '2022-08-01');
INSERT INTO withdrawal (withdrawalid, user_userid, category_categoryid, amount, date) VALUES (972, '0', '0', '126.88', '2022-07-09');
INSERT INTO withdrawal (withdrawalid, user_userid, category_categoryid, amount, date) VALUES (973, '2', '0', '676.49', '2022-08-08');
INSERT INTO withdrawal (withdrawalid, user_userid, category_categoryid, amount, date) VALUES (974, '2', '1', '817.51', '2022-06-20');
INSERT INTO withdrawal (withdrawalid, user_userid, category_categoryid, amount, date) VALUES (975, '0', '1', '1118.76', '2022-07-24');
INSERT INTO withdrawal (withdrawalid, user_userid, category_categoryid, amount, date) VALUES (976, '2', '1', '1051.52', '2022-05-25');
INSERT INTO withdrawal (withdrawalid, user_userid, category_categoryid, amount, date) VALUES (977, '0', '2', '922.92', '2022-06-29');
INSERT INTO withdrawal (withdrawalid, user_userid, category_categoryid, amount, date) VALUES (978, '2', '1', '786.81', '2022-05-15');
INSERT INTO withdrawal (withdrawalid, user_userid, category_categoryid, amount, date) VALUES (979, '3', '1', '919.27', '2022-08-15');
INSERT INTO withdrawal (withdrawalid, user_userid, category_categoryid, amount, date) VALUES (980, '3', '1', '241.01', '2022-05-15');
INSERT INTO withdrawal (withdrawalid, user_userid, category_categoryid, amount, date) VALUES (981, '0', '1', '1110.93', '2022-07-09');
INSERT INTO withdrawal (withdrawalid, user_userid, category_categoryid, amount, date) VALUES (982, '1', '0', '728.21', '2022-06-24');
INSERT INTO withdrawal (withdrawalid, user_userid, category_categoryid, amount, date) VALUES (983, '3', '1', '380.92', '2022-05-13');
INSERT INTO withdrawal (withdrawalid, user_userid, category_categoryid, amount, date) VALUES (984, '2', '1', '426.65', '2022-06-29');
INSERT INTO withdrawal (withdrawalid, user_userid, category_categoryid, amount, date) VALUES (985, '0', '2', '379.07', '2022-07-30');
INSERT INTO withdrawal (withdrawalid, user_userid, category_categoryid, amount, date) VALUES (986, '3', '0', '691.0', '2022-06-09');
INSERT INTO withdrawal (withdrawalid, user_userid, category_categoryid, amount, date) VALUES (987, '1', '0', '1032.46', '2022-07-17');
INSERT INTO withdrawal (withdrawalid, user_userid, category_categoryid, amount, date) VALUES (988, '1', '2', '351.81', '2022-06-23');
INSERT INTO withdrawal (withdrawalid, user_userid, category_categoryid, amount, date) VALUES (989, '1', '1', '255.08', '2022-06-13');
INSERT INTO withdrawal (withdrawalid, user_userid, category_categoryid, amount, date) VALUES (990, '3', '1', '521.41', '2022-05-11');
INSERT INTO withdrawal (withdrawalid, user_userid, category_categoryid, amount, date) VALUES (991, '1', '0', '474.11', '2022-07-24');
INSERT INTO withdrawal (withdrawalid, user_userid, category_categoryid, amount, date) VALUES (992, '3', '2', '853.79', '2022-08-06');
INSERT INTO withdrawal (withdrawalid, user_userid, category_categoryid, amount, date) VALUES (993, '0', '0', '564.4', '2022-08-11');
INSERT INTO withdrawal (withdrawalid, user_userid, category_categoryid, amount, date) VALUES (994, '1', '2', '461.62', '2022-07-23');
INSERT INTO withdrawal (withdrawalid, user_userid, category_categoryid, amount, date) VALUES (995, '2', '1', '917.19', '2022-06-13');
INSERT INTO withdrawal (withdrawalid, user_userid, category_categoryid, amount, date) VALUES (996, '0', '2', '720.07', '2022-08-05');
INSERT INTO withdrawal (withdrawalid, user_userid, category_categoryid, amount, date) VALUES (997, '2', '2', '331.04', '2022-05-15');
INSERT INTO withdrawal (withdrawalid, user_userid, category_categoryid, amount, date) VALUES (998, '2', '2', '1081.0', '2022-07-17');
INSERT INTO withdrawal (withdrawalid, user_userid, category_categoryid, amount, date) VALUES (999, '2', '2', '245.48', '2022-07-24');
INSERT INTO deposit (depositid, user_userid, category_categoryid, amount, date) VALUES (0, '1', '3', '483.75', '2022-07-16');
INSERT INTO deposit (depositid, user_userid, category_categoryid, amount, date) VALUES (1, '0', '3', '426.47', '2022-05-30');
INSERT INTO deposit (depositid, user_userid, category_categoryid, amount, date) VALUES (2, '2', '3', '141.54', '2022-07-06');
INSERT INTO deposit (depositid, user_userid, category_categoryid, amount, date) VALUES (3, '1', '3', '360.11', '2022-08-16');
INSERT INTO deposit (depositid, user_userid, category_categoryid, amount, date) VALUES (4, '1', '3', '366.27', '2022-05-26');
INSERT INTO deposit (depositid, user_userid, category_categoryid, amount, date) VALUES (5, '0', '3', '328.95', '2022-05-21');
INSERT INTO deposit (depositid, user_userid, category_categoryid, amount, date) VALUES (6, '2', '3', '491.66', '2022-07-25');
INSERT INTO deposit (depositid, user_userid, category_categoryid, amount, date) VALUES (7, '0', '3', '343.53', '2022-05-25');
INSERT INTO deposit (depositid, user_userid, category_categoryid, amount, date) VALUES (8, '0', '3', '196.85', '2022-07-27');
INSERT INTO deposit (depositid, user_userid, category_categoryid, amount, date) VALUES (9, '3', '3', '395.36', '2022-06-01');
INSERT INTO deposit (depositid, user_userid, category_categoryid, amount, date) VALUES (10, '0', '3', '289.77', '2022-06-12');
INSERT INTO deposit (depositid, user_userid, category_categoryid, amount, date) VALUES (11, '3', '3', '435.2', '2022-08-03');
INSERT INTO deposit (depositid, user_userid, category_categoryid, amount, date) VALUES (12, '2', '3', '355.38', '2022-06-28');
INSERT INTO deposit (depositid, user_userid, category_categoryid, amount, date) VALUES (13, '2', '3', '318.77', '2022-05-20');
INSERT INTO deposit (depositid, user_userid, category_categoryid, amount, date) VALUES (14, '2', '3', '332.5', '2022-08-11');
INSERT INTO deposit (depositid, user_userid, category_categoryid, amount, date) VALUES (15, '0', '3', '259.62', '2022-07-16');
INSERT INTO deposit (depositid, user_userid, category_categoryid, amount, date) VALUES (16, '0', '3', '118.4', '2022-08-08');
INSERT INTO deposit (depositid, user_userid, category_categoryid, amount, date) VALUES (17, '0', '3', '380.22', '2022-06-20');
INSERT INTO deposit (depositid, user_userid, category_categoryid, amount, date) VALUES (18, '2', '3', '155.79', '2022-07-21');
INSERT INTO deposit (depositid, user_userid, category_categoryid, amount, date) VALUES (19, '3', '3', '241.69', '2022-07-27');
INSERT INTO deposit (depositid, user_userid, category_categoryid, amount, date) VALUES (20, '0', '3', '295.8', '2022-05-24');
INSERT INTO deposit (depositid, user_userid, category_categoryid, amount, date) VALUES (21, '1', '3', '202.25', '2022-06-04');
INSERT INTO deposit (depositid, user_userid, category_categoryid, amount, date) VALUES (22, '1', '3', '343.41', '2022-08-06');
INSERT INTO deposit (depositid, user_userid, category_categoryid, amount, date) VALUES (23, '1', '3', '137.33', '2022-08-10');
INSERT INTO deposit (depositid, user_userid, category_categoryid, amount, date) VALUES (24, '1', '3', '145.5', '2022-06-11');
INSERT INTO deposit (depositid, user_userid, category_categoryid, amount, date) VALUES (25, '0', '3', '109.81', '2022-07-19');
INSERT INTO deposit (depositid, user_userid, category_categoryid, amount, date) VALUES (26, '3', '3', '412.77', '2022-07-10');
INSERT INTO deposit (depositid, user_userid, category_categoryid, amount, date) VALUES (27, '3', '3', '258.86', '2022-08-12');
INSERT INTO deposit (depositid, user_userid, category_categoryid, amount, date) VALUES (28, '1', '3', '174.47', '2022-06-29');
INSERT INTO deposit (depositid, user_userid, category_categoryid, amount, date) VALUES (29, '1', '3', '450.61', '2022-07-19');
INSERT INTO deposit (depositid, user_userid, category_categoryid, amount, date) VALUES (30, '0', '3', '299.51', '2022-05-25');
INSERT INTO deposit (depositid, user_userid, category_categoryid, amount, date) VALUES (31, '2', '3', '192.37', '2022-06-02');
INSERT INTO deposit (depositid, user_userid, category_categoryid, amount, date) VALUES (32, '0', '3', '218.03', '2022-07-07');
INSERT INTO deposit (depositid, user_userid, category_categoryid, amount, date) VALUES (33, '3', '3', '396.11', '2022-07-11');
INSERT INTO deposit (depositid, user_userid, category_categoryid, amount, date) VALUES (34, '2', '3', '219.35', '2022-05-13');
INSERT INTO deposit (depositid, user_userid, category_categoryid, amount, date) VALUES (35, '2', '3', '475.41', '2022-08-11');
INSERT INTO deposit (depositid, user_userid, category_categoryid, amount, date) VALUES (36, '1', '3', '351.63', '2022-05-19');
INSERT INTO deposit (depositid, user_userid, category_categoryid, amount, date) VALUES (37, '1', '3', '102.96', '2022-07-02');
INSERT INTO deposit (depositid, user_userid, category_categoryid, amount, date) VALUES (38, '2', '3', '231.58', '2022-07-23');
INSERT INTO deposit (depositid, user_userid, category_categoryid, amount, date) VALUES (39, '2', '3', '245.49', '2022-07-05');
INSERT INTO deposit (depositid, user_userid, category_categoryid, amount, date) VALUES (40, '0', '3', '467.48', '2022-07-20');
INSERT INTO deposit (depositid, user_userid, category_categoryid, amount, date) VALUES (41, '3', '3', '450.49', '2022-05-16');
INSERT INTO deposit (depositid, user_userid, category_categoryid, amount, date) VALUES (42, '0', '3', '100.82', '2022-07-26');
INSERT INTO deposit (depositid, user_userid, category_categoryid, amount, date) VALUES (43, '0', '3', '436.4', '2022-07-12');
INSERT INTO deposit (depositid, user_userid, category_categoryid, amount, date) VALUES (44, '0', '3', '391.89', '2022-07-18');
INSERT INTO deposit (depositid, user_userid, category_categoryid, amount, date) VALUES (45, '1', '3', '446.13', '2022-06-24');
INSERT INTO deposit (depositid, user_userid, category_categoryid, amount, date) VALUES (46, '1', '3', '114.4', '2022-07-04');
INSERT INTO deposit (depositid, user_userid, category_categoryid, amount, date) VALUES (47, '1', '3', '199.5', '2022-06-21');
INSERT INTO deposit (depositid, user_userid, category_categoryid, amount, date) VALUES (48, '1', '3', '335.35', '2022-07-02');
INSERT INTO deposit (depositid, user_userid, category_categoryid, amount, date) VALUES (49, '0', '3', '181.85', '2022-07-08');
INSERT INTO deposit (depositid, user_userid, category_categoryid, amount, date) VALUES (50, '2', '3', '475.08', '2022-07-24');
INSERT INTO deposit (depositid, user_userid, category_categoryid, amount, date) VALUES (51, '0', '3', '419.22', '2022-07-11');
INSERT INTO deposit (depositid, user_userid, category_categoryid, amount, date) VALUES (52, '3', '3', '384.32', '2022-05-26');
INSERT INTO deposit (depositid, user_userid, category_categoryid, amount, date) VALUES (53, '1', '3', '198.52', '2022-06-19');
INSERT INTO deposit (depositid, user_userid, category_categoryid, amount, date) VALUES (54, '1', '3', '413.59', '2022-06-24');
INSERT INTO deposit (depositid, user_userid, category_categoryid, amount, date) VALUES (55, '3', '3', '370.14', '2022-07-04');
INSERT INTO deposit (depositid, user_userid, category_categoryid, amount, date) VALUES (56, '3', '3', '222.61', '2022-06-09');
INSERT INTO deposit (depositid, user_userid, category_categoryid, amount, date) VALUES (57, '0', '3', '236.67', '2022-08-05');
INSERT INTO deposit (depositid, user_userid, category_categoryid, amount, date) VALUES (58, '3', '3', '162.83', '2022-08-06');
INSERT INTO deposit (depositid, user_userid, category_categoryid, amount, date) VALUES (59, '2', '3', '144.07', '2022-06-25');
INSERT INTO deposit (depositid, user_userid, category_categoryid, amount, date) VALUES (60, '2', '3', '163.78', '2022-06-05');
INSERT INTO deposit (depositid, user_userid, category_categoryid, amount, date) VALUES (61, '2', '3', '308.35', '2022-07-11');
INSERT INTO deposit (depositid, user_userid, category_categoryid, amount, date) VALUES (62, '1', '3', '410.64', '2022-06-19');
INSERT INTO deposit (depositid, user_userid, category_categoryid, amount, date) VALUES (63, '3', '3', '394.87', '2022-06-04');
INSERT INTO deposit (depositid, user_userid, category_categoryid, amount, date) VALUES (64, '3', '3', '101.22', '2022-07-30');
INSERT INTO deposit (depositid, user_userid, category_categoryid, amount, date) VALUES (65, '2', '3', '499.74', '2022-07-09');
INSERT INTO deposit (depositid, user_userid, category_categoryid, amount, date) VALUES (66, '2', '3', '447.43', '2022-05-22');
INSERT INTO deposit (depositid, user_userid, category_categoryid, amount, date) VALUES (67, '3', '3', '448.05', '2022-06-29');
INSERT INTO deposit (depositid, user_userid, category_categoryid, amount, date) VALUES (68, '0', '3', '386.88', '2022-05-26');
INSERT INTO deposit (depositid, user_userid, category_categoryid, amount, date) VALUES (69, '1', '3', '383.98', '2022-07-06');
INSERT INTO deposit (depositid, user_userid, category_categoryid, amount, date) VALUES (70, '3', '3', '350.6', '2022-07-29');
INSERT INTO deposit (depositid, user_userid, category_categoryid, amount, date) VALUES (71, '2', '3', '395.39', '2022-06-28');
INSERT INTO deposit (depositid, user_userid, category_categoryid, amount, date) VALUES (72, '2', '3', '252.71', '2022-06-28');
INSERT INTO deposit (depositid, user_userid, category_categoryid, amount, date) VALUES (73, '0', '3', '445.09', '2022-06-01');
INSERT INTO deposit (depositid, user_userid, category_categoryid, amount, date) VALUES (74, '0', '3', '123.89', '2022-07-10');
INSERT INTO deposit (depositid, user_userid, category_categoryid, amount, date) VALUES (75, '1', '3', '191.31', '2022-07-29');
INSERT INTO deposit (depositid, user_userid, category_categoryid, amount, date) VALUES (76, '3', '3', '243.31', '2022-06-02');
INSERT INTO deposit (depositid, user_userid, category_categoryid, amount, date) VALUES (77, '1', '3', '215.57', '2022-06-15');
INSERT INTO deposit (depositid, user_userid, category_categoryid, amount, date) VALUES (78, '0', '3', '122.11', '2022-06-26');
INSERT INTO deposit (depositid, user_userid, category_categoryid, amount, date) VALUES (79, '1', '3', '185.63', '2022-05-28');
INSERT INTO deposit (depositid, user_userid, category_categoryid, amount, date) VALUES (80, '1', '3', '423.34', '2022-06-08');
INSERT INTO deposit (depositid, user_userid, category_categoryid, amount, date) VALUES (81, '0', '3', '330.67', '2022-06-30');
INSERT INTO deposit (depositid, user_userid, category_categoryid, amount, date) VALUES (82, '1', '3', '415.35', '2022-06-12');
INSERT INTO deposit (depositid, user_userid, category_categoryid, amount, date) VALUES (83, '0', '3', '330.29', '2022-07-10');
INSERT INTO deposit (depositid, user_userid, category_categoryid, amount, date) VALUES (84, '3', '3', '428.88', '2022-06-07');
INSERT INTO deposit (depositid, user_userid, category_categoryid, amount, date) VALUES (85, '1', '3', '236.33', '2022-07-02');
INSERT INTO deposit (depositid, user_userid, category_categoryid, amount, date) VALUES (86, '0', '3', '431.86', '2022-07-07');
INSERT INTO deposit (depositid, user_userid, category_categoryid, amount, date) VALUES (87, '3', '3', '471.68', '2022-06-04');
INSERT INTO deposit (depositid, user_userid, category_categoryid, amount, date) VALUES (88, '2', '3', '420.67', '2022-07-09');
INSERT INTO deposit (depositid, user_userid, category_categoryid, amount, date) VALUES (89, '3', '3', '125.99', '2022-05-12');
INSERT INTO deposit (depositid, user_userid, category_categoryid, amount, date) VALUES (90, '3', '3', '282.92', '2022-06-09');
INSERT INTO deposit (depositid, user_userid, category_categoryid, amount, date) VALUES (91, '3', '3', '328.0', '2022-06-10');
INSERT INTO deposit (depositid, user_userid, category_categoryid, amount, date) VALUES (92, '0', '3', '425.98', '2022-08-15');
INSERT INTO deposit (depositid, user_userid, category_categoryid, amount, date) VALUES (93, '2', '3', '376.16', '2022-06-23');
INSERT INTO deposit (depositid, user_userid, category_categoryid, amount, date) VALUES (94, '2', '3', '198.79', '2022-05-24');
INSERT INTO deposit (depositid, user_userid, category_categoryid, amount, date) VALUES (95, '1', '3', '400.33', '2022-05-23');
INSERT INTO deposit (depositid, user_userid, category_categoryid, amount, date) VALUES (96, '3', '3', '471.3', '2022-08-19');
INSERT INTO deposit (depositid, user_userid, category_categoryid, amount, date) VALUES (97, '0', '3', '457.91', '2022-05-15');
INSERT INTO deposit (depositid, user_userid, category_categoryid, amount, date) VALUES (98, '2', '3', '145.08', '2022-05-22');
INSERT INTO deposit (depositid, user_userid, category_categoryid, amount, date) VALUES (99, '0', '3', '350.5', '2022-07-09');
INSERT INTO deposit (depositid, user_userid, category_categoryid, amount, date) VALUES (100, '3', '3', '272.82', '2022-05-25');
INSERT INTO deposit (depositid, user_userid, category_categoryid, amount, date) VALUES (101, '0', '3', '499.3', '2022-06-15');
INSERT INTO deposit (depositid, user_userid, category_categoryid, amount, date) VALUES (102, '2', '3', '413.75', '2022-05-20');
INSERT INTO deposit (depositid, user_userid, category_categoryid, amount, date) VALUES (103, '0', '3', '129.24', '2022-06-03');
INSERT INTO deposit (depositid, user_userid, category_categoryid, amount, date) VALUES (104, '0', '3', '194.82', '2022-08-02');
INSERT INTO deposit (depositid, user_userid, category_categoryid, amount, date) VALUES (105, '2', '3', '150.54', '2022-06-11');
INSERT INTO deposit (depositid, user_userid, category_categoryid, amount, date) VALUES (106, '2', '3', '384.44', '2022-07-31');
INSERT INTO deposit (depositid, user_userid, category_categoryid, amount, date) VALUES (107, '0', '3', '164.49', '2022-07-14');
INSERT INTO deposit (depositid, user_userid, category_categoryid, amount, date) VALUES (108, '2', '3', '171.3', '2022-05-25');
INSERT INTO deposit (depositid, user_userid, category_categoryid, amount, date) VALUES (109, '2', '3', '294.7', '2022-05-20');
INSERT INTO deposit (depositid, user_userid, category_categoryid, amount, date) VALUES (110, '2', '3', '123.13', '2022-06-25');
INSERT INTO deposit (depositid, user_userid, category_categoryid, amount, date) VALUES (111, '1', '3', '406.5', '2022-07-09');
INSERT INTO deposit (depositid, user_userid, category_categoryid, amount, date) VALUES (112, '1', '3', '109.34', '2022-05-18');
INSERT INTO deposit (depositid, user_userid, category_categoryid, amount, date) VALUES (113, '1', '3', '187.08', '2022-06-03');
INSERT INTO deposit (depositid, user_userid, category_categoryid, amount, date) VALUES (114, '0', '3', '469.91', '2022-06-06');
INSERT INTO deposit (depositid, user_userid, category_categoryid, amount, date) VALUES (115, '2', '3', '494.67', '2022-05-29');
INSERT INTO deposit (depositid, user_userid, category_categoryid, amount, date) VALUES (116, '2', '3', '334.87', '2022-05-12');
INSERT INTO deposit (depositid, user_userid, category_categoryid, amount, date) VALUES (117, '2', '3', '129.36', '2022-07-18');
INSERT INTO deposit (depositid, user_userid, category_categoryid, amount, date) VALUES (118, '3', '3', '161.17', '2022-07-10');
INSERT INTO deposit (depositid, user_userid, category_categoryid, amount, date) VALUES (119, '1', '3', '476.34', '2022-05-31');
INSERT INTO deposit (depositid, user_userid, category_categoryid, amount, date) VALUES (120, '1', '3', '370.98', '2022-08-19');
INSERT INTO deposit (depositid, user_userid, category_categoryid, amount, date) VALUES (121, '3', '3', '148.51', '2022-07-07');
INSERT INTO deposit (depositid, user_userid, category_categoryid, amount, date) VALUES (122, '3', '3', '494.88', '2022-06-09');
INSERT INTO deposit (depositid, user_userid, category_categoryid, amount, date) VALUES (123, '2', '3', '292.88', '2022-05-12');
INSERT INTO deposit (depositid, user_userid, category_categoryid, amount, date) VALUES (124, '2', '3', '402.63', '2022-06-22');
INSERT INTO deposit (depositid, user_userid, category_categoryid, amount, date) VALUES (125, '1', '3', '283.59', '2022-06-05');
INSERT INTO deposit (depositid, user_userid, category_categoryid, amount, date) VALUES (126, '3', '3', '244.94', '2022-06-07');
INSERT INTO deposit (depositid, user_userid, category_categoryid, amount, date) VALUES (127, '1', '3', '251.24', '2022-07-04');
INSERT INTO deposit (depositid, user_userid, category_categoryid, amount, date) VALUES (128, '3', '3', '441.86', '2022-07-27');
INSERT INTO deposit (depositid, user_userid, category_categoryid, amount, date) VALUES (129, '3', '3', '491.09', '2022-05-27');
INSERT INTO deposit (depositid, user_userid, category_categoryid, amount, date) VALUES (130, '3', '3', '359.4', '2022-06-23');
INSERT INTO deposit (depositid, user_userid, category_categoryid, amount, date) VALUES (131, '1', '3', '482.64', '2022-06-06');
INSERT INTO deposit (depositid, user_userid, category_categoryid, amount, date) VALUES (132, '0', '3', '306.26', '2022-07-17');
INSERT INTO deposit (depositid, user_userid, category_categoryid, amount, date) VALUES (133, '1', '3', '374.09', '2022-05-14');
INSERT INTO deposit (depositid, user_userid, category_categoryid, amount, date) VALUES (134, '2', '3', '272.86', '2022-08-19');
INSERT INTO deposit (depositid, user_userid, category_categoryid, amount, date) VALUES (135, '1', '3', '229.07', '2022-08-12');
INSERT INTO deposit (depositid, user_userid, category_categoryid, amount, date) VALUES (136, '0', '3', '397.24', '2022-07-26');
INSERT INTO deposit (depositid, user_userid, category_categoryid, amount, date) VALUES (137, '2', '3', '280.92', '2022-07-08');
INSERT INTO deposit (depositid, user_userid, category_categoryid, amount, date) VALUES (138, '0', '3', '341.36', '2022-08-12');
INSERT INTO deposit (depositid, user_userid, category_categoryid, amount, date) VALUES (139, '0', '3', '175.97', '2022-06-20');
INSERT INTO deposit (depositid, user_userid, category_categoryid, amount, date) VALUES (140, '2', '3', '174.5', '2022-08-05');
INSERT INTO deposit (depositid, user_userid, category_categoryid, amount, date) VALUES (141, '1', '3', '453.79', '2022-08-11');
INSERT INTO deposit (depositid, user_userid, category_categoryid, amount, date) VALUES (142, '1', '3', '233.67', '2022-06-30');
INSERT INTO deposit (depositid, user_userid, category_categoryid, amount, date) VALUES (143, '0', '3', '193.58', '2022-08-11');
INSERT INTO deposit (depositid, user_userid, category_categoryid, amount, date) VALUES (144, '2', '3', '126.05', '2022-07-03');
INSERT INTO deposit (depositid, user_userid, category_categoryid, amount, date) VALUES (145, '2', '3', '495.13', '2022-08-11');
INSERT INTO deposit (depositid, user_userid, category_categoryid, amount, date) VALUES (146, '0', '3', '428.3', '2022-05-30');
INSERT INTO deposit (depositid, user_userid, category_categoryid, amount, date) VALUES (147, '2', '3', '419.89', '2022-06-02');
INSERT INTO deposit (depositid, user_userid, category_categoryid, amount, date) VALUES (148, '3', '3', '286.9', '2022-08-06');
INSERT INTO deposit (depositid, user_userid, category_categoryid, amount, date) VALUES (149, '1', '3', '463.09', '2022-06-26');
INSERT INTO deposit (depositid, user_userid, category_categoryid, amount, date) VALUES (150, '0', '3', '182.82', '2022-08-06');
INSERT INTO deposit (depositid, user_userid, category_categoryid, amount, date) VALUES (151, '2', '3', '444.86', '2022-08-13');
INSERT INTO deposit (depositid, user_userid, category_categoryid, amount, date) VALUES (152, '1', '3', '141.97', '2022-07-06');
INSERT INTO deposit (depositid, user_userid, category_categoryid, amount, date) VALUES (153, '1', '3', '493.24', '2022-08-03');
INSERT INTO deposit (depositid, user_userid, category_categoryid, amount, date) VALUES (154, '0', '3', '142.63', '2022-08-16');
INSERT INTO deposit (depositid, user_userid, category_categoryid, amount, date) VALUES (155, '1', '3', '442.24', '2022-06-26');
INSERT INTO deposit (depositid, user_userid, category_categoryid, amount, date) VALUES (156, '3', '3', '308.14', '2022-05-18');
INSERT INTO deposit (depositid, user_userid, category_categoryid, amount, date) VALUES (157, '2', '3', '407.27', '2022-08-03');
INSERT INTO deposit (depositid, user_userid, category_categoryid, amount, date) VALUES (158, '1', '3', '456.05', '2022-07-17');
INSERT INTO deposit (depositid, user_userid, category_categoryid, amount, date) VALUES (159, '1', '3', '214.04', '2022-06-19');
INSERT INTO deposit (depositid, user_userid, category_categoryid, amount, date) VALUES (160, '0', '3', '393.67', '2022-06-22');
INSERT INTO deposit (depositid, user_userid, category_categoryid, amount, date) VALUES (161, '1', '3', '183.1', '2022-07-22');
INSERT INTO deposit (depositid, user_userid, category_categoryid, amount, date) VALUES (162, '0', '3', '269.92', '2022-05-31');
INSERT INTO deposit (depositid, user_userid, category_categoryid, amount, date) VALUES (163, '1', '3', '216.6', '2022-06-20');
INSERT INTO deposit (depositid, user_userid, category_categoryid, amount, date) VALUES (164, '2', '3', '122.19', '2022-06-15');
INSERT INTO deposit (depositid, user_userid, category_categoryid, amount, date) VALUES (165, '0', '3', '489.32', '2022-08-03');
INSERT INTO deposit (depositid, user_userid, category_categoryid, amount, date) VALUES (166, '0', '3', '230.92', '2022-06-27');
INSERT INTO deposit (depositid, user_userid, category_categoryid, amount, date) VALUES (167, '1', '3', '179.86', '2022-08-10');
INSERT INTO deposit (depositid, user_userid, category_categoryid, amount, date) VALUES (168, '1', '3', '219.84', '2022-06-02');
INSERT INTO deposit (depositid, user_userid, category_categoryid, amount, date) VALUES (169, '2', '3', '440.06', '2022-07-27');
INSERT INTO deposit (depositid, user_userid, category_categoryid, amount, date) VALUES (170, '2', '3', '171.44', '2022-07-01');
INSERT INTO deposit (depositid, user_userid, category_categoryid, amount, date) VALUES (171, '0', '3', '167.0', '2022-05-31');
INSERT INTO deposit (depositid, user_userid, category_categoryid, amount, date) VALUES (172, '0', '3', '275.89', '2022-07-10');
INSERT INTO deposit (depositid, user_userid, category_categoryid, amount, date) VALUES (173, '2', '3', '392.26', '2022-07-31');
INSERT INTO deposit (depositid, user_userid, category_categoryid, amount, date) VALUES (174, '1', '3', '241.98', '2022-07-07');
INSERT INTO deposit (depositid, user_userid, category_categoryid, amount, date) VALUES (175, '2', '3', '452.83', '2022-06-27');
INSERT INTO deposit (depositid, user_userid, category_categoryid, amount, date) VALUES (176, '1', '3', '402.98', '2022-07-28');
INSERT INTO deposit (depositid, user_userid, category_categoryid, amount, date) VALUES (177, '2', '3', '410.98', '2022-05-20');
INSERT INTO deposit (depositid, user_userid, category_categoryid, amount, date) VALUES (178, '2', '3', '361.33', '2022-07-21');
INSERT INTO deposit (depositid, user_userid, category_categoryid, amount, date) VALUES (179, '3', '3', '121.06', '2022-08-11');
INSERT INTO deposit (depositid, user_userid, category_categoryid, amount, date) VALUES (180, '2', '3', '477.22', '2022-07-04');
INSERT INTO deposit (depositid, user_userid, category_categoryid, amount, date) VALUES (181, '1', '3', '113.69', '2022-05-14');
INSERT INTO deposit (depositid, user_userid, category_categoryid, amount, date) VALUES (182, '1', '3', '129.69', '2022-05-18');
INSERT INTO deposit (depositid, user_userid, category_categoryid, amount, date) VALUES (183, '2', '3', '327.25', '2022-07-07');
INSERT INTO deposit (depositid, user_userid, category_categoryid, amount, date) VALUES (184, '3', '3', '358.57', '2022-08-08');
INSERT INTO deposit (depositid, user_userid, category_categoryid, amount, date) VALUES (185, '2', '3', '456.97', '2022-07-01');
INSERT INTO deposit (depositid, user_userid, category_categoryid, amount, date) VALUES (186, '2', '3', '389.45', '2022-05-20');
INSERT INTO deposit (depositid, user_userid, category_categoryid, amount, date) VALUES (187, '0', '3', '165.35', '2022-07-27');
INSERT INTO deposit (depositid, user_userid, category_categoryid, amount, date) VALUES (188, '1', '3', '115.14', '2022-07-26');
INSERT INTO deposit (depositid, user_userid, category_categoryid, amount, date) VALUES (189, '2', '3', '281.99', '2022-05-17');
INSERT INTO deposit (depositid, user_userid, category_categoryid, amount, date) VALUES (190, '0', '3', '461.43', '2022-05-22');
INSERT INTO deposit (depositid, user_userid, category_categoryid, amount, date) VALUES (191, '0', '3', '348.58', '2022-05-25');
INSERT INTO deposit (depositid, user_userid, category_categoryid, amount, date) VALUES (192, '2', '3', '208.43', '2022-05-20');
INSERT INTO deposit (depositid, user_userid, category_categoryid, amount, date) VALUES (193, '2', '3', '343.66', '2022-06-14');
INSERT INTO deposit (depositid, user_userid, category_categoryid, amount, date) VALUES (194, '2', '3', '190.9', '2022-05-15');
INSERT INTO deposit (depositid, user_userid, category_categoryid, amount, date) VALUES (195, '3', '3', '320.85', '2022-05-11');
INSERT INTO deposit (depositid, user_userid, category_categoryid, amount, date) VALUES (196, '0', '3', '238.48', '2022-07-26');
INSERT INTO deposit (depositid, user_userid, category_categoryid, amount, date) VALUES (197, '0', '3', '231.86', '2022-07-19');
INSERT INTO deposit (depositid, user_userid, category_categoryid, amount, date) VALUES (198, '2', '3', '255.98', '2022-06-06');
INSERT INTO deposit (depositid, user_userid, category_categoryid, amount, date) VALUES (199, '3', '3', '246.39', '2022-07-20');
INSERT INTO deposit (depositid, user_userid, category_categoryid, amount, date) VALUES (200, '0', '3', '335.2', '2022-07-08');
INSERT INTO deposit (depositid, user_userid, category_categoryid, amount, date) VALUES (201, '2', '3', '473.03', '2022-06-16');
INSERT INTO deposit (depositid, user_userid, category_categoryid, amount, date) VALUES (202, '0', '3', '181.19', '2022-07-16');
INSERT INTO deposit (depositid, user_userid, category_categoryid, amount, date) VALUES (203, '3', '3', '378.95', '2022-05-31');
INSERT INTO deposit (depositid, user_userid, category_categoryid, amount, date) VALUES (204, '0', '3', '143.47', '2022-07-19');
INSERT INTO deposit (depositid, user_userid, category_categoryid, amount, date) VALUES (205, '1', '3', '285.28', '2022-07-05');
INSERT INTO deposit (depositid, user_userid, category_categoryid, amount, date) VALUES (206, '2', '3', '163.71', '2022-07-26');
INSERT INTO deposit (depositid, user_userid, category_categoryid, amount, date) VALUES (207, '3', '3', '172.61', '2022-05-27');
INSERT INTO deposit (depositid, user_userid, category_categoryid, amount, date) VALUES (208, '1', '3', '329.15', '2022-06-03');
INSERT INTO deposit (depositid, user_userid, category_categoryid, amount, date) VALUES (209, '3', '3', '443.9', '2022-06-02');
INSERT INTO deposit (depositid, user_userid, category_categoryid, amount, date) VALUES (210, '2', '3', '412.05', '2022-05-24');
INSERT INTO deposit (depositid, user_userid, category_categoryid, amount, date) VALUES (211, '0', '3', '265.98', '2022-07-15');
INSERT INTO deposit (depositid, user_userid, category_categoryid, amount, date) VALUES (212, '1', '3', '379.48', '2022-07-24');
INSERT INTO deposit (depositid, user_userid, category_categoryid, amount, date) VALUES (213, '1', '3', '394.25', '2022-07-07');
INSERT INTO deposit (depositid, user_userid, category_categoryid, amount, date) VALUES (214, '1', '3', '189.42', '2022-05-30');
INSERT INTO deposit (depositid, user_userid, category_categoryid, amount, date) VALUES (215, '1', '3', '202.64', '2022-07-06');
INSERT INTO deposit (depositid, user_userid, category_categoryid, amount, date) VALUES (216, '2', '3', '389.81', '2022-05-27');
INSERT INTO deposit (depositid, user_userid, category_categoryid, amount, date) VALUES (217, '3', '3', '271.21', '2022-07-08');
INSERT INTO deposit (depositid, user_userid, category_categoryid, amount, date) VALUES (218, '3', '3', '108.31', '2022-08-19');
INSERT INTO deposit (depositid, user_userid, category_categoryid, amount, date) VALUES (219, '3', '3', '481.32', '2022-05-11');
INSERT INTO deposit (depositid, user_userid, category_categoryid, amount, date) VALUES (220, '1', '3', '470.48', '2022-07-23');
INSERT INTO deposit (depositid, user_userid, category_categoryid, amount, date) VALUES (221, '1', '3', '284.05', '2022-05-24');
INSERT INTO deposit (depositid, user_userid, category_categoryid, amount, date) VALUES (222, '0', '3', '122.94', '2022-06-29');
INSERT INTO deposit (depositid, user_userid, category_categoryid, amount, date) VALUES (223, '1', '3', '137.84', '2022-05-18');
INSERT INTO deposit (depositid, user_userid, category_categoryid, amount, date) VALUES (224, '2', '3', '368.94', '2022-05-11');
INSERT INTO deposit (depositid, user_userid, category_categoryid, amount, date) VALUES (225, '1', '3', '302.74', '2022-07-09');
INSERT INTO deposit (depositid, user_userid, category_categoryid, amount, date) VALUES (226, '3', '3', '346.41', '2022-06-05');
INSERT INTO deposit (depositid, user_userid, category_categoryid, amount, date) VALUES (227, '0', '3', '318.08', '2022-07-06');
INSERT INTO deposit (depositid, user_userid, category_categoryid, amount, date) VALUES (228, '2', '3', '396.08', '2022-06-10');
INSERT INTO deposit (depositid, user_userid, category_categoryid, amount, date) VALUES (229, '3', '3', '495.45', '2022-06-11');
INSERT INTO deposit (depositid, user_userid, category_categoryid, amount, date) VALUES (230, '2', '3', '149.3', '2022-07-15');
INSERT INTO deposit (depositid, user_userid, category_categoryid, amount, date) VALUES (231, '2', '3', '266.62', '2022-05-12');
INSERT INTO deposit (depositid, user_userid, category_categoryid, amount, date) VALUES (232, '2', '3', '121.09', '2022-07-05');
INSERT INTO deposit (depositid, user_userid, category_categoryid, amount, date) VALUES (233, '3', '3', '236.89', '2022-07-29');
INSERT INTO deposit (depositid, user_userid, category_categoryid, amount, date) VALUES (234, '3', '3', '419.02', '2022-07-02');
INSERT INTO deposit (depositid, user_userid, category_categoryid, amount, date) VALUES (235, '1', '3', '341.03', '2022-08-13');
INSERT INTO deposit (depositid, user_userid, category_categoryid, amount, date) VALUES (236, '2', '3', '156.8', '2022-07-14');
INSERT INTO deposit (depositid, user_userid, category_categoryid, amount, date) VALUES (237, '1', '3', '344.04', '2022-08-10');
INSERT INTO deposit (depositid, user_userid, category_categoryid, amount, date) VALUES (238, '3', '3', '101.22', '2022-07-15');
INSERT INTO deposit (depositid, user_userid, category_categoryid, amount, date) VALUES (239, '1', '3', '181.35', '2022-08-15');
INSERT INTO deposit (depositid, user_userid, category_categoryid, amount, date) VALUES (240, '3', '3', '270.64', '2022-07-25');
INSERT INTO deposit (depositid, user_userid, category_categoryid, amount, date) VALUES (241, '0', '3', '345.22', '2022-06-29');
INSERT INTO deposit (depositid, user_userid, category_categoryid, amount, date) VALUES (242, '2', '3', '147.99', '2022-07-03');
INSERT INTO deposit (depositid, user_userid, category_categoryid, amount, date) VALUES (243, '2', '3', '477.76', '2022-05-14');
INSERT INTO deposit (depositid, user_userid, category_categoryid, amount, date) VALUES (244, '3', '3', '410.82', '2022-08-14');
INSERT INTO deposit (depositid, user_userid, category_categoryid, amount, date) VALUES (245, '3', '3', '400.37', '2022-05-26');
INSERT INTO deposit (depositid, user_userid, category_categoryid, amount, date) VALUES (246, '2', '3', '365.38', '2022-06-23');
INSERT INTO deposit (depositid, user_userid, category_categoryid, amount, date) VALUES (247, '2', '3', '344.79', '2022-08-16');
INSERT INTO deposit (depositid, user_userid, category_categoryid, amount, date) VALUES (248, '2', '3', '309.63', '2022-06-19');
INSERT INTO deposit (depositid, user_userid, category_categoryid, amount, date) VALUES (249, '3', '3', '102.25', '2022-06-09');
INSERT INTO deposit (depositid, user_userid, category_categoryid, amount, date) VALUES (250, '2', '3', '141.99', '2022-08-16');
INSERT INTO deposit (depositid, user_userid, category_categoryid, amount, date) VALUES (251, '0', '3', '257.68', '2022-06-29');
INSERT INTO deposit (depositid, user_userid, category_categoryid, amount, date) VALUES (252, '3', '3', '383.33', '2022-06-21');
INSERT INTO deposit (depositid, user_userid, category_categoryid, amount, date) VALUES (253, '0', '3', '392.88', '2022-07-16');
INSERT INTO deposit (depositid, user_userid, category_categoryid, amount, date) VALUES (254, '0', '3', '356.0', '2022-08-07');
INSERT INTO deposit (depositid, user_userid, category_categoryid, amount, date) VALUES (255, '1', '3', '132.13', '2022-08-11');
INSERT INTO deposit (depositid, user_userid, category_categoryid, amount, date) VALUES (256, '0', '3', '190.56', '2022-06-29');
INSERT INTO deposit (depositid, user_userid, category_categoryid, amount, date) VALUES (257, '3', '3', '353.22', '2022-08-17');
INSERT INTO deposit (depositid, user_userid, category_categoryid, amount, date) VALUES (258, '1', '3', '103.65', '2022-07-31');
INSERT INTO deposit (depositid, user_userid, category_categoryid, amount, date) VALUES (259, '0', '3', '304.47', '2022-07-20');
INSERT INTO deposit (depositid, user_userid, category_categoryid, amount, date) VALUES (260, '1', '3', '450.72', '2022-08-14');
INSERT INTO deposit (depositid, user_userid, category_categoryid, amount, date) VALUES (261, '3', '3', '319.72', '2022-05-19');
INSERT INTO deposit (depositid, user_userid, category_categoryid, amount, date) VALUES (262, '2', '3', '286.78', '2022-06-19');
INSERT INTO deposit (depositid, user_userid, category_categoryid, amount, date) VALUES (263, '1', '3', '148.13', '2022-06-13');
INSERT INTO deposit (depositid, user_userid, category_categoryid, amount, date) VALUES (264, '3', '3', '229.96', '2022-06-02');
INSERT INTO deposit (depositid, user_userid, category_categoryid, amount, date) VALUES (265, '1', '3', '186.31', '2022-07-11');
INSERT INTO deposit (depositid, user_userid, category_categoryid, amount, date) VALUES (266, '2', '3', '427.5', '2022-08-02');
INSERT INTO deposit (depositid, user_userid, category_categoryid, amount, date) VALUES (267, '2', '3', '245.01', '2022-07-18');
INSERT INTO deposit (depositid, user_userid, category_categoryid, amount, date) VALUES (268, '3', '3', '468.27', '2022-05-22');
INSERT INTO deposit (depositid, user_userid, category_categoryid, amount, date) VALUES (269, '1', '3', '420.37', '2022-06-08');
INSERT INTO deposit (depositid, user_userid, category_categoryid, amount, date) VALUES (270, '2', '3', '119.81', '2022-08-07');
INSERT INTO deposit (depositid, user_userid, category_categoryid, amount, date) VALUES (271, '1', '3', '320.61', '2022-06-05');
INSERT INTO deposit (depositid, user_userid, category_categoryid, amount, date) VALUES (272, '1', '3', '142.41', '2022-07-05');
INSERT INTO deposit (depositid, user_userid, category_categoryid, amount, date) VALUES (273, '3', '3', '242.72', '2022-05-21');
INSERT INTO deposit (depositid, user_userid, category_categoryid, amount, date) VALUES (274, '3', '3', '186.23', '2022-06-25');
INSERT INTO deposit (depositid, user_userid, category_categoryid, amount, date) VALUES (275, '2', '3', '150.42', '2022-05-18');
INSERT INTO deposit (depositid, user_userid, category_categoryid, amount, date) VALUES (276, '0', '3', '152.18', '2022-05-22');
INSERT INTO deposit (depositid, user_userid, category_categoryid, amount, date) VALUES (277, '1', '3', '408.35', '2022-06-03');
INSERT INTO deposit (depositid, user_userid, category_categoryid, amount, date) VALUES (278, '1', '3', '401.94', '2022-08-01');
INSERT INTO deposit (depositid, user_userid, category_categoryid, amount, date) VALUES (279, '3', '3', '332.06', '2022-05-20');
INSERT INTO deposit (depositid, user_userid, category_categoryid, amount, date) VALUES (280, '1', '3', '240.02', '2022-06-08');
INSERT INTO deposit (depositid, user_userid, category_categoryid, amount, date) VALUES (281, '0', '3', '369.11', '2022-05-23');
INSERT INTO deposit (depositid, user_userid, category_categoryid, amount, date) VALUES (282, '1', '3', '420.6', '2022-07-03');
INSERT INTO deposit (depositid, user_userid, category_categoryid, amount, date) VALUES (283, '1', '3', '483.7', '2022-06-15');
INSERT INTO deposit (depositid, user_userid, category_categoryid, amount, date) VALUES (284, '1', '3', '437.13', '2022-06-04');
INSERT INTO deposit (depositid, user_userid, category_categoryid, amount, date) VALUES (285, '2', '3', '378.22', '2022-05-31');
INSERT INTO deposit (depositid, user_userid, category_categoryid, amount, date) VALUES (286, '3', '3', '391.42', '2022-08-18');
INSERT INTO deposit (depositid, user_userid, category_categoryid, amount, date) VALUES (287, '2', '3', '327.73', '2022-05-31');
INSERT INTO deposit (depositid, user_userid, category_categoryid, amount, date) VALUES (288, '1', '3', '183.79', '2022-07-07');
INSERT INTO deposit (depositid, user_userid, category_categoryid, amount, date) VALUES (289, '2', '3', '294.2', '2022-06-08');
INSERT INTO deposit (depositid, user_userid, category_categoryid, amount, date) VALUES (290, '0', '3', '166.59', '2022-07-12');
INSERT INTO deposit (depositid, user_userid, category_categoryid, amount, date) VALUES (291, '2', '3', '294.33', '2022-06-12');
INSERT INTO deposit (depositid, user_userid, category_categoryid, amount, date) VALUES (292, '3', '3', '144.05', '2022-07-10');
INSERT INTO deposit (depositid, user_userid, category_categoryid, amount, date) VALUES (293, '3', '3', '487.57', '2022-06-18');
INSERT INTO deposit (depositid, user_userid, category_categoryid, amount, date) VALUES (294, '0', '3', '146.27', '2022-07-18');
INSERT INTO deposit (depositid, user_userid, category_categoryid, amount, date) VALUES (295, '3', '3', '315.24', '2022-06-29');
INSERT INTO deposit (depositid, user_userid, category_categoryid, amount, date) VALUES (296, '2', '3', '323.14', '2022-07-09');
INSERT INTO deposit (depositid, user_userid, category_categoryid, amount, date) VALUES (297, '0', '3', '250.2', '2022-08-09');
INSERT INTO deposit (depositid, user_userid, category_categoryid, amount, date) VALUES (298, '2', '3', '336.46', '2022-07-01');
INSERT INTO deposit (depositid, user_userid, category_categoryid, amount, date) VALUES (299, '0', '3', '480.52', '2022-05-12');
COMMIT;